,T
0,0.9
1,2.2
2,4.4
3,3.4
4,-0.4
5,-3.4
6,-2.4
7,-1.0
8,1.2
9,3.6
10,4.5
11,3.8
12,2.5
13,0.5
14,0.0
15,0.2
16,-1.8
17,0.0
18,3.8
19,5.1
20,3.6
21,3.8
22,4.1
23,3.9
24,4.6
25,5.6
26,6.3
27,5.2
28,2.4
29,1.9
30,0.8
31,1.8
32,1.4
33,3.5
34,6.6
35,6.8
36,2.2
37,-2.7
38,-2.4
39,-1.0
40,0.8
41,2.2
42,3.2
43,2.0
44,-1.4
45,-5.8
46,-5.2
47,-2.9
48,-0.5
49,0.6
50,2.0
51,3.2
52,0.5
53,-0.3
54,0.6
55,1.6
56,2.0
57,3.0
58,6.6
59,6.4
60,5.2
61,4.6
62,5.3
63,7.2
64,8.0
65,7.3
66,9.6
67,10.0
68,7.2
69,3.2
70,2.8
71,2.8
72,4.0
73,6.0
74,7.2
75,5.4
76,4.4
77,-1.0
78,-0.6
79,-0.2
80,0.8
81,2.4
82,6.6
83,6.3
84,3.0
85,-1.4
86,0.8
87,2.9
88,5.8
89,4.1
90,10.2
91,10.6
92,5.6
93,0.6
94,0.6
95,3.6
96,7.8
97,6.8
98,6.2
99,6.2
100,5.0
101,3.8
102,2.8
103,1.4
104,0.6
105,1.2
106,2.2
107,2.6
108,0.9
109,-0.2
110,-1.4
111,-1.4
112,-1.8
113,-2.6
114,-1.8
115,-1.8
116,-4.1
117,-6.3
118,-5.6
119,-4.2
120,-3.4
121,-2.8
122,-2.2
123,-1.4
124,-2.2
125,-3.1
126,-3.4
127,-3.2
128,-3.4
129,-3.0
130,-2.6
131,-2.6
132,-2.6
133,-2.6
134,-2.8
135,-1.8
136,-1.6
137,-1.5
138,-1.0
139,-0.3
140,-0.8
141,-1.6
142,-2.2
143,-1.8
144,-1.3
145,-0.3
146,-0.1
147,0.4
148,0.5
149,-0.3
150,-0.1
151,0.2
152,0.6
153,1.0
154,0.9
155,1.0
156,2.0
157,2.6
158,2.4
159,3.8
160,6.2
161,8.8
162,14.4
163,16.2
164,15.6
165,13.2
166,14.2
167,12.8
168,6.6
169,7.0
170,7.9
171,8.0
172,4.1
173,0.5
174,2.0
175,3.4
176,5.8
177,8.8
178,11.4
179,11.2
180,7.6
181,4.8
182,5.3
183,7.2
184,7.6
185,6.4
186,7.8
187,9.8
188,7.2
189,3.6
190,2.2
191,3.1
192,3.5
193,5.6
194,7.6
195,8.8
196,6.2
197,0.6
198,-0.8
199,1.0
200,-0.6
201,0.7
202,1.4
203,2.0
204,-1.2
205,-5.8
206,-7.0
207,-6.4
208,-6.4
209,-4.6
210,-1.4
211,0.6
212,-1.2
213,-1.8
214,-0.2
215,0.6
216,5.2
217,11.4
218,11.6
219,9.2
220,4.6
221,0.6
222,1.8
223,1.0
224,1.5
225,2.2
226,5.6
227,6.8
228,2.0
229,-4.0
230,-2.2
231,-1.5
232,0.9
233,2.2
234,8.0
235,10.6
236,5.2
237,1.4
238,2.2
239,-1.9
240,1.4
241,3.0
242,4.5
243,4.6
244,3.2
245,1.8
246,0.8
247,-0.4
248,-1.4
249,-0.3
250,0.8
251,1.2
252,1.4
253,-0.4
254,-4.2
255,-2.4
256,-1.4
257,-0.8
258,0.1
259,0.5
260,0.8
261,0.6
262,0.8
263,3.0
264,4.8
265,5.4
266,6.8
267,6.2
268,4.0
269,4.3
270,4.1
271,4.0
272,4.0
273,4.2
274,4.2
275,4.2
276,4.2
277,5.6
278,5.8
279,6.0
280,6.6
281,7.5
282,7.5
283,7.4
284,7.3
285,8.0
286,7.8
287,8.0
288,6.8
289,5.2
290,4.8
291,5.2
292,1.2
293,-3.6
294,-3.6
295,-4.4
296,-4.6
297,-4.0
298,-2.0
299,-1.6
300,-2.9
301,-8.6
302,-7.2
303,-4.4
304,-3.8
305,-0.1
306,-0.3
307,-0.2
308,-0.4
309,-0.6
310,-0.6
311,-0.4
312,0.0
313,0.2
314,0.2
315,0.4
316,0.3
317,1.6
318,3.4
319,5.8
320,6.0
321,4.8
322,6.6
323,5.6
324,3.0
325,1.8
326,1.4
327,1.6
328,2.8
329,3.8
330,7.0
331,8.0
332,4.2
333,1.5
334,2.5
335,4.0
336,2.8
337,7.5
338,10.2
339,9.6
340,4.8
341,-0.6
342,1.6
343,3.2
344,5.4
345,6.0
346,11.3
347,11.7
348,7.0
349,0.6
350,1.0
351,1.8
352,3.0
353,6.4
354,10.0
355,11.6
356,7.4
357,3.7
358,1.6
359,3.6
360,4.2
361,5.0
362,6.8
363,7.0
364,4.8
365,1.8
366,1.8
367,2.0
368,2.4
369,2.8
370,3.0
371,4.0
372,2.8
373,1.6
374,1.0
375,0.8
376,3.8
377,5.3
378,5.8
379,6.8
380,6.8
381,5.4
382,6.0
383,6.4
384,6.8
385,7.9
386,9.4
387,9.6
388,8.2
389,6.8
390,6.8
391,6.6
392,6.6
393,6.6
394,7.4
395,8.4
396,7.6
397,6.8
398,6.8
399,7.6
400,7.2
401,7.4
402,8.4
403,9.2
404,9.4
405,8.6
406,8.8
407,8.8
408,9.0
409,8.6
410,9.0
411,9.4
412,7.8
413,6.4
414,6.9
415,7.5
416,8.5
417,9.0
418,11.0
419,14.2
420,12.8
421,9.8
422,9.3
423,10.4
424,11.4
425,11.8
426,14.1
427,14.6
428,11.7
429,7.8
430,8.4
431,10.4
432,12.2
433,14.2
434,14.6
435,13.6
436,10.4
437,6.2
438,5.8
439,8.0
440,8.2
441,8.6
442,10.4
443,10.8
444,8.2
445,5.8
446,5.0
447,4.6
448,5.2
449,7.8
450,10.3
451,9.3
452,7.3
453,4.6
454,3.6
455,3.8
456,5.4
457,10.0
458,11.0
459,11.0
460,9.0
461,7.8
462,7.5
463,7.9
464,8.0
465,7.9
466,8.2
467,8.6
468,8.9
469,8.8
470,8.6
471,8.8
472,8.0
473,8.2
474,9.9
475,11.8
476,9.4
477,4.3
478,6.4
479,6.0
480,4.2
481,7.6
482,11.2
483,12.8
484,7.6
485,1.2
486,2.4
487,2.6
488,5.8
489,8.2
490,10.6
491,11.7
492,9.0
493,2.8
494,2.2
495,3.2
496,5.6
497,6.6
498,10.8
499,11.0
500,9.6
501,7.4
502,7.3
503,7.8
504,8.4
505,9.7
506,12.4
507,11.8
508,6.4
509,1.8
510,1.2
511,2.8
512,4.1
513,6.8
514,11.6
515,5.6
516,-1.8
517,-1.6
518,-0.8
519,-0.4
520,4.4
521,8.5
522,9.5
523,6.6
524,4.2
525,4.6
526,5.0
527,4.9
528,5.2
529,6.6
530,8.0
531,6.0
532,3.2
533,3.8
534,5.0
535,5.5
536,8.2
537,7.6
538,5.8
539,5.8
540,7.4
541,5.8
542,13.8
543,13.4
544,13.2
545,11.8
546,4.4
547,6.7
548,7.2
549,6.0
550,8.2
551,9.0
552,11.2
553,8.0
554,6.8
555,6.7
556,10.0
557,10.8
558,11.8
559,16.9
560,16.4
561,11.2
562,4.1
563,4.6
564,4.8
565,6.8
566,9.6
567,14.8
568,12.6
569,7.4
570,4.2
571,2.2
572,2.8
573,5.6
574,6.6
575,7.2
576,7.6
577,6.6
578,5.7
579,7.6
580,7.8
581,7.6
582,7.6
583,7.9
584,8.4
585,7.1
586,6.2
587,6.0
588,6.2
589,8.5
590,11.2
591,11.0
592,12.0
593,11.8
594,11.0
595,11.0
596,13.1
597,14.0
598,14.2
599,18.9
600,19.4
601,14.8
602,7.9
603,7.0
604,8.5
605,10.8
606,15.9
607,21.1
608,21.2
609,15.8
610,9.2
611,9.2
612,9.0
613,11.2
614,15.6
615,22.6
616,22.0
617,15.8
618,8.8
619,8.8
620,10.6
621,11.6
622,13.6
623,22.4
624,20.4
625,14.8
626,8.8
627,9.4
628,10.8
629,12.2
630,16.4
631,25.2
632,22.2
633,16.2
634,9.6
635,9.2
636,11.4
637,14.8
638,17.6
639,22.0
640,21.4
641,15.4
642,7.8
643,9.4
644,9.2
645,12.7
646,13.1
647,22.6
648,19.4
649,16.0
650,8.4
651,7.6
652,9.6
653,14.6
654,17.0
655,20.4
656,20.0
657,15.8
658,7.8
659,7.6
660,13.0
661,12.8
662,14.2
663,17.0
664,18.0
665,16.4
666,11.4
667,11.8
668,12.6
669,14.6
670,16.2
671,18.9
672,20.6
673,17.2
674,6.0
675,5.2
676,6.8
677,8.8
678,19.2
679,20.2
680,18.6
681,13.5
682,7.2
683,6.0
684,6.2
685,8.6
686,13.6
687,19.0
688,18.1
689,12.8
690,4.8
691,6.8
692,8.0
693,11.1
694,10.9
695,17.4
696,17.0
697,11.0
698,5.0
699,4.8
700,5.0
701,5.2
702,9.0
703,14.1
704,14.7
705,13.0
706,10.6
707,7.8
708,7.0
709,7.0
710,10.4
711,11.6
712,11.4
713,10.0
714,5.8
715,4.6
716,3.0
717,4.0
718,3.4
719,4.6
720,6.8
721,5.0
722,7.6
723,7.6
724,8.6
725,9.4
726,11.4
727,17.4
728,22.2
729,18.0
730,8.4
731,8.8
732,10.8
733,12.0
734,15.0
735,22.8
736,21.8
737,13.8
738,6.8
739,5.8
740,8.4
741,7.6
742,14.4
743,16.2
744,16.6
745,13.8
746,7.7
747,5.8
748,6.8
749,8.5
750,14.2
751,19.2
752,18.4
753,13.0
754,7.3
755,5.4
756,6.0
757,9.2
758,11.8
759,16.0
760,16.7
761,13.4
762,8.5
763,7.5
764,9.0
765,8.4
766,10.0
767,12.4
768,11.4
769,10.8
770,9.0
771,9.0
772,9.0
773,9.0
774,9.8
775,11.6
776,12.6
777,11.8
778,8.8
779,8.0
780,9.2
781,9.4
782,11.0
783,12.2
784,13.6
785,13.0
786,8.2
787,9.7
788,9.8
789,10.5
790,11.3
791,11.4
792,12.0
793,11.4
794,10.0
795,10.4
796,10.2
797,10.2
798,10.0
799,11.8
800,11.4
801,10.1
802,10.5
803,12.8
804,13.0
805,13.0
806,13.4
807,14.0
808,14.4
809,14.6
810,13.6
811,12.4
812,13.8
813,15.6
814,16.0
815,18.2
816,20.0
817,16.8
818,15.2
819,14.8
820,15.8
821,15.0
822,17.8
823,22.2
824,21.8
825,16.3
826,9.3
827,6.8
828,7.2
829,9.6
830,13.5
831,17.6
832,17.6
833,15.4
834,12.6
835,12.5
836,12.3
837,11.6
838,11.1
839,12.2
840,13.0
841,12.8
842,11.8
843,11.0
844,10.4
845,11.0
846,11.6
847,14.0
848,16.2
849,16.1
850,12.2
851,10.8
852,12.6
853,15.0
854,16.0
855,19.4
856,25.6
857,23.2
858,18.0
859,16.0
860,18.2
861,22.4
862,25.8
863,30.2
864,27.4
865,22.8
866,15.3
867,15.0
868,17.0
869,18.8
870,22.4
871,28.8
872,28.2
873,23.6
874,17.8
875,18.0
876,17.4
877,24.0
878,27.2
879,34.0
880,31.2
881,26.4
882,18.4
883,17.8
884,17.2
885,21.1
886,26.0
887,30.8
888,29.8
889,25.8
890,17.2
891,15.4
892,17.2
893,20.0
894,22.2
895,29.6
896,28.2
897,24.3
898,17.6
899,16.0
900,18.0
901,17.2
902,21.0
903,28.8
904,26.5
905,21.0
906,14.6
907,12.8
908,12.0
909,15.0
910,20.6
911,23.4
912,24.6
913,21.2
914,17.6
915,14.2
916,20.0
917,17.8
918,23.2
919,25.8
920,26.4
921,24.2
922,19.6
923,18.4
924,17.9
925,21.2
926,24.1
927,29.4
928,30.0
929,23.8
930,16.5
931,14.8
932,16.8
933,18.7
934,21.6
935,28.4
936,26.5
937,21.6
938,16.0
939,12.8
940,13.8
941,16.8
942,19.6
943,23.8
944,27.4
945,25.9
946,18.1
947,16.2
948,18.2
949,19.4
950,21.2
951,27.0
952,26.4
953,22.0
954,14.8
955,12.2
956,16.8
957,18.4
958,21.4
959,27.4
960,26.0
961,21.0
962,13.2
963,10.4
964,9.2
965,11.7
966,18.0
967,23.4
968,22.2
969,18.6
970,11.6
971,7.6
972,10.6
973,10.8
974,16.8
975,21.2
976,18.2
977,17.0
978,12.0
979,7.5
980,9.4
981,12.9
982,16.9
983,20.3
984,19.0
985,15.8
986,14.2
987,13.0
988,14.0
989,16.8
990,17.8
991,28.4
992,22.4
993,17.3
994,21.9
995,21.5
996,22.0
997,23.8
998,26.8
999,31.0
1000,30.6
1001,25.2
1002,18.1
1003,16.0
1004,16.2
1005,20.6
1006,24.8
1007,31.0
1008,29.0
1009,22.8
1010,15.8
1011,10.8
1012,12.9
1013,15.8
1014,21.2
1015,27.6
1016,25.2
1017,20.4
1018,15.8
1019,12.6
1020,14.4
1021,15.8
1022,19.0
1023,24.4
1024,23.8
1025,21.0
1026,16.4
1027,15.6
1028,15.8
1029,16.3
1030,17.2
1031,19.6
1032,20.1
1033,21.8
1034,17.6
1035,19.8
1036,19.6
1037,20.5
1038,20.2
1039,22.2
1040,30.8
1041,26.2
1042,18.8
1043,14.8
1044,19.5
1045,21.8
1046,25.6
1047,31.1
1048,30.5
1049,25.5
1050,17.7
1051,13.4
1052,18.2
1053,20.2
1054,25.2
1055,31.0
1056,29.0
1057,22.8
1058,15.6
1059,13.0
1060,16.2
1061,17.0
1062,22.6
1063,28.6
1064,27.2
1065,20.4
1066,13.6
1067,11.6
1068,14.2
1069,12.9
1070,20.0
1071,25.8
1072,24.0
1073,20.2
1074,12.8
1075,7.0
1076,10.0
1077,12.6
1078,19.6
1079,22.6
1080,21.9
1081,19.6
1082,13.0
1083,9.4
1084,12.6
1085,16.8
1086,19.4
1087,22.2
1088,21.8
1089,18.2
1090,14.8
1091,14.6
1092,16.2
1093,16.6
1094,16.8
1095,17.0
1096,16.8
1097,18.4
1098,19.0
1099,18.4
1100,19.2
1101,20.9
1102,23.6
1103,30.2
1104,31.0
1105,26.6
1106,19.2
1107,17.8
1108,18.0
1109,21.6
1110,24.8
1111,31.2
1112,30.2
1113,25.9
1114,18.0
1115,16.4
1116,17.6
1117,21.4
1118,24.4
1119,29.2
1120,28.8
1121,25.7
1122,19.0
1123,14.2
1124,16.4
1125,19.8
1126,24.6
1127,28.2
1128,28.0
1129,25.2
1130,19.0
1131,15.4
1132,16.4
1133,20.4
1134,25.8
1135,28.3
1136,28.2
1137,24.8
1138,20.0
1139,15.5
1140,17.0
1141,18.4
1142,24.2
1143,27.0
1144,26.4
1145,22.8
1146,17.4
1147,16.0
1148,17.0
1149,18.0
1150,20.0
1151,22.8
1152,21.6
1153,19.0
1154,16.6
1155,15.4
1156,15.2
1157,15.0
1158,15.2
1159,17.0
1160,16.6
1161,16.8
1162,16.8
1163,17.2
1164,17.6
1165,26.4
1166,29.4
1167,33.4
1168,32.6
1169,28.8
1170,22.6
1171,22.4
1172,23.8
1173,25.0
1174,29.4
1175,32.2
1176,31.0
1177,28.2
1178,21.4
1179,19.0
1180,20.0
1181,22.9
1182,27.2
1183,30.6
1184,29.2
1185,28.4
1186,22.8
1187,20.2
1188,21.7
1189,24.2
1190,28.2
1191,30.6
1192,31.2
1193,28.4
1194,24.0
1195,20.6
1196,22.2
1197,23.0
1198,26.4
1199,30.2
1200,31.2
1201,24.9
1202,20.2
1203,19.2
1204,20.8
1205,22.2
1206,23.6
1207,22.0
1208,34.0
1209,31.0
1210,25.0
1211,22.0
1212,22.6
1213,25.6
1214,30.8
1215,34.0
1216,34.4
1217,30.6
1218,23.0
1219,19.6
1220,22.4
1221,25.6
1222,30.0
1223,33.8
1224,34.0
1225,29.2
1226,21.8
1227,17.3
1228,22.4
1229,23.4
1230,29.4
1231,34.2
1232,32.8
1233,28.8
1234,20.6
1235,15.2
1236,19.8
1237,23.4
1238,28.4
1239,33.6
1240,32.6
1241,27.8
1242,20.0
1243,15.0
1244,17.8
1245,21.2
1246,26.6
1247,30.4
1248,29.9
1249,27.2
1250,20.6
1251,16.0
1252,17.5
1253,20.8
1254,25.8
1255,29.0
1256,29.0
1257,26.8
1258,20.4
1259,16.8
1260,19.2
1261,21.4
1262,26.8
1263,31.0
1264,30.2
1265,26.6
1266,21.0
1267,18.0
1268,20.8
1269,21.7
1270,26.7
1271,30.6
1272,29.0
1273,25.4
1274,19.8
1275,15.0
1276,15.8
1277,21.2
1278,26.3
1279,29.2
1280,28.2
1281,25.6
1282,18.6
1283,13.4
1284,18.0
1285,20.2
1286,22.6
1287,23.8
1288,22.4
1289,20.4
1290,17.0
1291,15.6
1292,16.2
1293,17.8
1294,20.0
1295,20.2
1296,23.2
1297,20.2
1298,16.4
1299,15.8
1300,17.0
1301,16.2
1302,19.2
1303,24.0
1304,26.2
1305,20.2
1306,17.0
1307,13.2
1308,14.8
1309,16.5
1310,19.0
1311,27.2
1312,26.0
1313,29.0
1314,23.6
1315,20.7
1316,22.6
1317,25.0
1318,28.0
1319,31.2
1320,31.4
1321,27.4
1322,22.4
1323,20.0
1324,20.6
1325,23.4
1326,26.2
1327,33.6
1328,32.2
1329,26.8
1330,22.2
1331,20.2
1332,23.3
1333,23.2
1334,28.0
1335,32.8
1336,30.6
1337,25.6
1338,19.4
1339,16.6
1340,16.0
1341,21.6
1342,26.0
1343,29.2
1344,28.6
1345,26.0
1346,19.4
1347,16.2
1348,15.2
1349,19.5
1350,24.9
1351,28.4
1352,27.4
1353,24.6
1354,18.8
1355,15.0
1356,16.4
1357,18.8
1358,23.4
1359,26.4
1360,25.7
1361,22.8
1362,17.0
1363,11.0
1364,14.6
1365,17.2
1366,21.4
1367,23.1
1368,23.2
1369,19.5
1370,17.8
1371,15.6
1372,16.0
1373,16.2
1374,16.8
1375,18.6
1376,18.0
1377,16.4
1378,14.2
1379,14.0
1380,14.2
1381,14.4
1382,14.2
1383,14.6
1384,14.6
1385,16.8
1386,16.2
1387,17.4
1388,18.9
1389,18.4
1390,19.8
1391,22.2
1392,25.0
1393,21.4
1394,20.2
1395,17.1
1396,18.5
1397,20.2
1398,23.9
1399,27.4
1400,26.4
1401,22.9
1402,19.4
1403,17.8
1404,20.0
1405,22.8
1406,26.2
1407,28.8
1408,30.3
1409,28.6
1410,23.2
1411,17.0
1412,21.1
1413,24.2
1414,30.0
1415,32.0
1416,31.8
1417,29.0
1418,23.8
1419,19.2
1420,21.8
1421,26.2
1422,30.8
1423,32.0
1424,32.0
1425,27.2
1426,22.6
1427,19.4
1428,22.3
1429,23.6
1430,27.6
1431,31.4
1432,30.0
1433,27.2
1434,21.6
1435,17.5
1436,17.2
1437,19.5
1438,25.0
1439,28.0
1440,29.2
1441,27.4
1442,20.5
1443,14.8
1444,16.4
1445,18.0
1446,23.4
1447,28.6
1448,28.6
1449,25.8
1450,19.6
1451,15.8
1452,17.4
1453,20.6
1454,25.8
1455,28.6
1456,28.0
1457,26.2
1458,21.2
1459,14.0
1460,15.2
1461,19.2
1462,26.8
1463,28.4
1464,26.8
1465,23.0
1466,17.8
1467,12.2
1468,14.7
1469,15.7
1470,23.0
1471,25.4
1472,24.4
1473,22.4
1474,16.4
1475,11.3
1476,11.7
1477,16.5
1478,22.6
1479,24.2
1480,22.6
1481,19.4
1482,16.2
1483,16.4
1484,14.6
1485,14.6
1486,15.2
1487,16.9
1488,17.4
1489,16.5
1490,16.4
1491,17.0
1492,18.2
1493,19.8
1494,24.4
1495,30.4
1496,29.6
1497,27.0
1498,23.0
1499,22.0
1500,24.4
1501,24.8
1502,32.8
1503,36.0
1504,37.4
1505,36.2
1506,27.0
1507,19.4
1508,22.8
1509,24.0
1510,30.6
1511,35.8
1512,33.6
1513,29.0
1514,24.4
1515,17.6
1516,22.0
1517,29.9
1518,32.7
1519,35.2
1520,35.3
1521,27.8
1522,23.0
1523,18.8
1524,21.8
1525,24.4
1526,28.8
1527,29.1
1528,29.8
1529,26.0
1530,22.3
1531,18.6
1532,22.0
1533,22.2
1534,26.2
1535,28.8
1536,28.4
1537,25.8
1538,20.4
1539,15.4
1540,17.6
1541,20.4
1542,25.8
1543,28.0
1544,30.0
1545,26.0
1546,22.0
1547,16.7
1548,18.8
1549,23.8
1550,28.4
1551,30.8
1552,29.2
1553,26.2
1554,20.8
1555,16.6
1556,18.0
1557,22.2
1558,27.2
1559,29.5
1560,29.6
1561,26.6
1562,23.6
1563,20.6
1564,18.8
1565,22.1
1566,27.7
1567,31.2
1568,30.1
1569,25.2
1570,19.6
1571,16.8
1572,17.8
1573,18.6
1574,26.2
1575,27.0
1576,29.0
1577,25.6
1578,20.1
1579,14.9
1580,16.7
1581,18.8
1582,24.8
1583,27.4
1584,27.2
1585,23.0
1586,17.4
1587,14.4
1588,13.8
1589,16.4
1590,23.0
1591,24.2
1592,21.2
1593,22.6
1594,17.0
1595,10.5
1596,11.8
1597,15.0
1598,19.2
1599,21.4
1600,20.0
1601,16.4
1602,14.8
1603,13.6
1604,12.8
1605,12.4
1606,13.0
1607,14.8
1608,14.4
1609,13.8
1610,12.2
1611,12.6
1612,12.9
1613,14.4
1614,14.3
1615,18.2
1616,17.0
1617,17.6
1618,14.8
1619,14.4
1620,14.4
1621,19.4
1622,24.0
1623,25.4
1624,23.6
1625,21.8
1626,18.1
1627,12.6
1628,14.6
1629,16.0
1630,21.4
1631,25.0
1632,23.6
1633,21.6
1634,18.6
1635,16.2
1636,18.8
1637,21.2
1638,23.2
1639,24.4
1640,26.2
1641,24.8
1642,22.4
1643,16.8
1644,20.0
1645,21.0
1646,24.6
1647,28.0
1648,26.8
1649,23.6
1650,18.2
1651,12.1
1652,15.1
1653,17.6
1654,21.0
1655,25.2
1656,23.8
1657,21.2
1658,16.0
1659,10.4
1660,12.2
1661,16.0
1662,17.6
1663,20.6
1664,19.0
1665,15.6
1666,14.4
1667,16.4
1668,16.4
1669,19.0
1670,22.4
1671,25.1
1672,23.9
1673,21.1
1674,16.6
1675,13.4
1676,12.8
1677,17.6
1678,17.4
1679,19.2
1680,19.4
1681,16.2
1682,14.6
1683,14.2
1684,14.2
1685,14.4
1686,16.4
1687,17.0
1688,16.2
1689,14.8
1690,17.0
1691,16.0
1692,16.0
1693,17.0
1694,19.4
1695,20.0
1696,21.6
1697,22.4
1698,19.6
1699,15.8
1700,15.2
1701,19.6
1702,21.4
1703,22.8
1704,25.2
1705,22.8
1706,18.6
1707,13.0
1708,15.8
1709,17.2
1710,20.6
1711,21.2
1712,26.0
1713,22.4
1714,18.0
1715,14.2
1716,15.6
1717,18.0
1718,20.4
1719,23.5
1720,23.7
1721,22.0
1722,18.1
1723,14.2
1724,14.5
1725,17.2
1726,19.0
1727,25.0
1728,24.4
1729,22.2
1730,17.2
1731,16.2
1732,18.0
1733,19.0
1734,20.2
1735,24.8
1736,27.3
1737,25.0
1738,20.0
1739,14.4
1740,17.8
1741,21.0
1742,24.4
1743,28.0
1744,27.8
1745,24.8
1746,19.2
1747,12.4
1748,14.6
1749,19.0
1750,24.4
1751,27.2
1752,26.0
1753,22.2
1754,16.4
1755,12.2
1756,10.6
1757,13.8
1758,22.5
1759,24.8
1760,23.0
1761,19.2
1762,14.0
1763,10.0
1764,9.8
1765,14.0
1766,18.2
1767,20.2
1768,20.5
1769,19.0
1770,14.7
1771,10.0
1772,11.4
1773,11.6
1774,15.6
1775,17.6
1776,17.0
1777,14.8
1778,13.0
1779,11.8
1780,11.6
1781,11.0
1782,14.6
1783,16.4
1784,14.0
1785,14.8
1786,13.2
1787,13.2
1788,13.7
1789,14.8
1790,15.7
1791,16.8
1792,16.4
1793,13.0
1794,11.5
1795,11.4
1796,12.2
1797,13.5
1798,14.6
1799,17.8
1800,17.8
1801,14.4
1802,13.7
1803,13.2
1804,12.0
1805,13.0
1806,14.5
1807,14.4
1808,16.0
1809,14.4
1810,13.2
1811,13.4
1812,14.4
1813,15.0
1814,16.8
1815,19.0
1816,21.0
1817,17.2
1818,14.7
1819,13.0
1820,15.8
1821,16.2
1822,17.2
1823,20.6
1824,18.6
1825,18.3
1826,15.2
1827,10.6
1828,11.4
1829,9.8
1830,14.6
1831,18.0
1832,18.2
1833,14.0
1834,14.4
1835,15.2
1836,16.8
1837,19.0
1838,21.2
1839,25.0
1840,23.6
1841,19.0
1842,13.0
1843,8.2
1844,7.6
1845,12.0
1846,16.8
1847,20.2
1848,20.0
1849,16.2
1850,9.0
1851,4.6
1852,8.8
1853,11.1
1854,15.1
1855,19.4
1856,18.8
1857,17.0
1858,14.2
1859,9.8
1860,11.4
1861,13.0
1862,13.4
1863,15.2
1864,14.4
1865,14.6
1866,12.6
1867,9.8
1868,10.2
1869,12.8
1870,15.0
1871,18.0
1872,19.0
1873,20.0
1874,15.4
1875,13.0
1876,14.2
1877,16.3
1878,18.4
1879,22.2
1880,22.2
1881,19.8
1882,15.0
1883,9.0
1884,11.4
1885,15.6
1886,19.4
1887,21.8
1888,22.4
1889,20.4
1890,17.0
1891,15.0
1892,17.6
1893,17.8
1894,19.0
1895,24.2
1896,26.7
1897,22.8
1898,16.0
1899,12.7
1900,14.8
1901,15.0
1902,20.6
1903,24.6
1904,20.4
1905,16.8
1906,13.2
1907,12.2
1908,12.2
1909,13.2
1910,18.0
1911,22.0
1912,20.2
1913,15.0
1914,9.3
1915,5.4
1916,5.4
1917,8.0
1918,12.2
1919,14.0
1920,13.8
1921,12.8
1922,9.0
1923,9.6
1924,9.8
1925,11.2
1926,12.4
1927,14.6
1928,15.8
1929,13.6
1930,11.2
1931,8.6
1932,7.8
1933,11.6
1934,13.6
1935,15.8
1936,13.4
1937,14.0
1938,11.8
1939,10.6
1940,11.4
1941,12.0
1942,12.0
1943,13.8
1944,13.4
1945,14.6
1946,10.0
1947,7.0
1948,7.7
1949,10.8
1950,13.7
1951,15.0
1952,15.0
1953,14.6
1954,11.0
1955,10.0
1956,10.0
1957,12.6
1958,13.2
1959,14.2
1960,17.2
1961,16.9
1962,13.6
1963,12.6
1964,13.0
1965,12.2
1966,16.0
1967,23.0
1968,23.8
1969,20.8
1970,14.4
1971,11.4
1972,10.4
1973,15.6
1974,16.6
1975,20.8
1976,24.2
1977,20.6
1978,14.4
1979,10.6
1980,13.4
1981,14.4
1982,18.6
1983,24.2
1984,24.4
1985,19.4
1986,12.8
1987,8.8
1988,10.6
1989,13.8
1990,17.8
1991,21.8
1992,21.2
1993,17.4
1994,11.4
1995,10.6
1996,10.8
1997,10.9
1998,11.6
1999,12.0
2000,12.6
2001,9.8
2002,8.0
2003,9.4
2004,10.8
2005,18.4
2006,18.4
2007,21.5
2008,20.6
2009,18.4
2010,15.5
2011,14.6
2012,14.6
2013,18.6
2014,23.2
2015,26.8
2016,25.4
2017,20.0
2018,13.6
2019,8.8
2020,11.0
2021,16.4
2022,20.0
2023,24.6
2024,22.8
2025,17.4
2026,10.6
2027,7.2
2028,10.2
2029,14.0
2030,19.0
2031,23.4
2032,21.2
2033,15.8
2034,10.6
2035,5.9
2036,7.9
2037,11.8
2038,15.4
2039,20.4
2040,18.8
2041,13.2
2042,6.4
2043,1.0
2044,2.2
2045,6.6
2046,9.0
2047,13.6
2048,12.2
2049,9.6
2050,5.0
2051,-1.0
2052,4.0
2053,5.0
2054,7.0
2055,7.8
2056,11.2
2057,12.9
2058,8.7
2059,7.2
2060,7.2
2061,7.4
2062,8.3
2063,10.0
2064,5.6
2065,5.8
2066,2.0
2067,0.4
2068,1.5
2069,1.8
2070,2.6
2071,3.8
2072,3.6
2073,3.8
2074,1.6
2075,1.8
2076,2.0
2077,1.4
2078,3.4
2079,4.8
2080,5.6
2081,3.0
2082,0.8
2083,0.8
2084,1.2
2085,1.2
2086,1.6
2087,3.0
2088,10.6
2089,9.2
2090,7.0
2091,6.4
2092,7.0
2093,6.9
2094,9.1
2095,12.0
2096,10.4
2097,7.6
2098,4.0
2099,2.8
2100,3.8
2101,5.2
2102,6.0
2103,7.4
2104,9.8
2105,7.8
2106,6.8
2107,6.4
2108,7.8
2109,9.6
2110,11.6
2111,15.4
2112,16.8
2113,15.2
2114,11.2
2115,9.8
2116,10.4
2117,11.8
2118,16.4
2119,20.0
2120,19.0
2121,12.6
2122,8.2
2123,6.4
2124,6.5
2125,11.7
2126,15.2
2127,18.2
2128,18.2
2129,16.6
2130,9.8
2131,6.6
2132,6.6
2133,11.5
2134,16.0
2135,19.6
2136,19.5
2137,14.6
2138,8.2
2139,4.2
2140,7.0
2141,10.6
2142,12.2
2143,18.8
2144,17.5
2145,13.6
2146,9.6
2147,11.0
2148,11.0
2149,12.2
2150,16.0
2151,17.9
2152,20.4
2153,14.2
2154,8.6
2155,5.2
2156,6.2
2157,11.4
2158,14.8
2159,19.0
2160,17.2
2161,13.8
2162,5.8
2163,4.0
2164,7.2
2165,10.0
2166,15.2
2167,16.0
2168,15.4
2169,12.4
2170,8.8
2171,7.8
2172,8.2
2173,7.3
2174,8.0
2175,11.2
2176,10.6
2177,9.2
2178,5.8
2179,4.8
2180,5.0
2181,5.6
2182,6.6
2183,9.4
2184,8.8
2185,7.2
2186,4.8
2187,4.6
2188,5.8
2189,8.0
2190,9.2
2191,10.2
2192,10.8
2193,11.2
2194,8.6
2195,8.2
2196,8.6
2197,9.2
2198,10.0
2199,12.8
2200,17.6
2201,14.1
2202,8.6
2203,5.8
2204,7.6
2205,10.2
2206,12.6
2207,14.6
2208,13.8
2209,11.2
2210,8.8
2211,9.2
2212,11.4
2213,12.6
2214,13.6
2215,17.7
2216,18.2
2217,14.4
2218,6.2
2219,3.2
2220,9.5
2221,11.6
2222,14.2
2223,20.2
2224,20.1
2225,14.4
2226,6.6
2227,2.2
2228,7.0
2229,9.5
2230,13.6
2231,19.4
2232,17.4
2233,12.2
2234,5.2
2235,4.7
2236,6.0
2237,8.2
2238,11.6
2239,15.8
2240,15.0
2241,12.6
2242,9.2
2243,9.0
2244,11.1
2245,13.2
2246,16.0
2247,19.4
2248,20.8
2249,16.8
2250,8.4
2251,3.7
2252,5.8
2253,11.6
2254,15.2
2255,19.6
2256,18.6
2257,12.4
2258,5.2
2259,1.4
2260,3.6
2261,7.8
2262,12.8
2263,16.9
2264,14.6
2265,9.6
2266,2.4
2267,-1.6
2268,0.2
2269,2.4
2270,6.6
2271,12.0
2272,9.4
2273,6.0
2274,3.2
2275,3.6
2276,4.0
2277,6.0
2278,6.6
2279,7.4
2280,12.4
2281,13.1
2282,8.0
2283,7.4
2284,7.2
2285,9.2
2286,13.5
2287,19.0
2288,18.3
2289,17.6
2290,9.8
2291,8.0
2292,10.6
2293,11.8
2294,16.6
2295,22.1
2296,20.6
2297,14.7
2298,7.5
2299,5.2
2300,8.4
2301,12.0
2302,16.0
2303,22.0
2304,20.2
2305,14.0
2306,7.2
2307,6.2
2308,8.2
2309,11.8
2310,15.6
2311,21.2
2312,20.2
2313,15.2
2314,8.4
2315,8.6
2316,11.2
2317,13.5
2318,15.3
2319,22.2
2320,20.6
2321,14.8
2322,7.4
2323,6.3
2324,9.2
2325,10.6
2326,14.8
2327,18.3
2328,18.0
2329,11.6
2330,5.8
2331,3.8
2332,4.8
2333,9.4
2334,10.4
2335,12.2
2336,12.8
2337,14.2
2338,12.2
2339,11.8
2340,13.6
2341,14.4
2342,14.6
2343,16.8
2344,16.0
2345,7.2
2346,1.2
2347,0.4
2348,0.0
2349,2.0
2350,5.8
2351,10.0
2352,8.2
2353,5.2
2354,6.4
2355,7.0
2356,7.3
2357,7.4
2358,9.0
2359,11.4
2360,8.7
2361,5.8
2362,4.8
2363,4.5
2364,6.2
2365,6.7
2366,8.0
2367,10.2
2368,10.2
2369,5.8
2370,4.4
2371,4.6
2372,5.3
2373,6.0
2374,7.2
2375,8.0
2376,9.2
2377,7.0
2378,4.3
2379,4.2
2380,3.6
2381,2.8
2382,1.8
2383,3.2
2384,3.7
2385,2.3
2386,1.4
2387,1.0
2388,0.6
2389,0.8
2390,1.8
2391,5.2
2392,6.6
2393,4.6
2394,3.4
2395,3.0
2396,3.0
2397,2.6
2398,2.4
2399,2.6
2400,3.9
2401,5.8
2402,4.4
2403,4.0
2404,4.0
2405,3.6
2406,4.3
2407,4.4
2408,5.0
2409,4.9
2410,4.2
2411,5.1
2412,6.4
2413,7.8
2414,7.3
2415,9.6
2416,10.8
2417,7.8
2418,6.8
2419,7.4
2420,7.8
2421,8.2
2422,8.0
2423,8.5
2424,8.8
2425,7.8
2426,6.8
2427,8.5
2428,10.0
2429,10.2
2430,11.3
2431,14.2
2432,12.2
2433,10.6
2434,4.2
2435,3.4
2436,3.6
2437,4.8
2438,10.4
2439,10.4
2440,9.8
2441,9.2
2442,9.4
2443,9.7
2444,10.4
2445,10.8
2446,10.4
2447,14.6
2448,13.2
2449,8.6
2450,4.0
2451,4.6
2452,6.2
2453,9.2
2454,11.2
2455,16.2
2456,15.4
2457,10.4
2458,0.9
2459,3.2
2460,4.4
2461,4.8
2462,9.4
2463,14.6
2464,13.6
2465,7.6
2466,1.4
2467,0.2
2468,4.4
2469,8.8
2470,13.1
2471,11.4
2472,6.6
2473,3.1
2474,3.7
2475,4.1
2476,5.4
2477,6.3
2478,15.8
2479,17.0
2480,11.8
2481,5.0
2482,5.4
2483,7.0
2484,8.6
2485,14.6
2486,18.1
2487,16.1
2488,10.8
2489,4.3
2490,4.0
2491,5.8
2492,9.4
2493,10.2
2494,14.2
2495,9.4
2496,4.4
2497,3.0
2498,1.2
2499,1.2
2500,3.2
2501,5.4
2502,7.8
2503,7.4
2504,4.4
2505,2.6
2506,2.0
2507,2.6
2508,3.6
2509,3.0
2510,3.6
2511,3.8
2512,3.8
2513,10.0
2514,12.2
2515,12.2
2516,11.6
2517,11.8
2518,17.8
2519,17.2
2520,11.0
2521,3.0
2522,5.2
2523,5.6
2524,6.6
2525,12.0
2526,17.7
2527,16.4
2528,10.0
2529,2.2
2530,2.8
2531,3.0
2532,4.4
2533,7.6
2534,14.5
2535,13.6
2536,11.1
2537,2.0
2538,7.8
2539,3.4
2540,4.0
2541,4.0
2542,6.6
2543,5.2
2544,1.8
2545,-5.6
2546,-6.0
2547,-3.9
2548,-2.2
2549,0.7
2550,3.0
2551,3.3
2552,1.4
2553,-0.4
2554,0.0
2555,-0.2
2556,0.1
2557,1.0
2558,1.0
2559,2.4
2560,6.2
2561,5.0
2562,4.4
2563,4.4
2564,4.8
2565,6.2
2566,10.6
2567,9.8
2568,5.4
2569,-1.4
2570,0.8
2571,1.6
2572,2.9
2573,4.4
2574,10.0
2575,7.2
2576,2.3
2577,-4.4
2578,-1.6
2579,-1.8
2580,0.4
2581,5.0
2582,9.5
2583,7.6
2584,2.7
2585,-4.6
2586,-3.6
2587,0.2
2588,2.4
2589,3.8
2590,7.0
2591,5.6
2592,1.8
2593,-1.1
2594,-1.5
2595,-0.4
2596,-0.2
2597,0.6
2598,3.8
2599,1.6
2600,-4.2
2601,-6.6
2602,-6.8
2603,-7.9
2604,-7.0
2605,-5.0
2606,0.6
2607,-0.2
2608,-2.2
2609,-5.7
2610,-6.0
2611,-3.8
2612,-2.4
2613,-2.2
2614,-1.6
2615,-0.8
2616,-1.6
2617,-2.6
2618,-2.4
2619,-2.4
2620,-2.0
2621,-1.6
2622,-0.2
2623,1.4
2624,-0.4
2625,-1.8
2626,-1.6
2627,-1.5
2628,-1.5
2629,-0.6
2630,-0.2
2631,-0.7
2632,-1.2
2633,-2.7
2634,-2.4
2635,-1.6
2636,-0.8
2637,-0.6
2638,0.4
2639,1.7
2640,0.6
2641,-0.1
2642,0.4
2643,0.5
2644,0.6
2645,1.6
2646,2.4
2647,3.2
2648,2.0
2649,0.6
2650,0.8
2651,1.3
2652,2.2
2653,4.0
2654,5.4
2655,4.8
2656,3.8
2657,3.3
2658,4.4
2659,5.0
2660,3.6
2661,5.6
2662,8.2
2663,9.2
2664,5.6
2665,3.0
2666,3.4
2667,2.0
2668,3.3
2669,5.2
2670,12.0
2671,12.0
2672,5.6
2673,4.0
2674,4.2
2675,5.0
2676,5.2
2677,4.8
2678,7.9
2679,7.6
2680,6.8
2681,3.2
2682,3.0
2683,5.6
2684,5.0
2685,4.6
2686,6.2
2687,6.3
2688,3.4
2689,-1.0
2690,-1.4
2691,0.2
2692,2.0
2693,2.8
2694,3.0
2695,4.0
2696,-0.1
2697,-6.4
2698,-5.6
2699,-6.1
2700,-4.4
2701,-4.1
2702,1.0
2703,-0.5
2704,-5.0
2705,-9.2
2706,-9.4
2707,-7.6
2708,-7.0
2709,-4.8
2710,-0.3
2711,0.2
2712,-1.6
2713,-3.2
2714,-3.4
2715,-3.8
2716,-3.9
2717,-4.8
2718,-2.2
2719,-0.8
2720,-3.6
2721,-10.4
2722,-7.8
2723,-6.8
2724,-7.4
2725,-5.4
2726,-2.8
2727,-3.0
2728,-8.4
2729,-9.6
2730,-8.2
2731,-5.2
2732,-5.0
2733,-3.4
2734,-2.0
2735,-3.8
2736,-7.2
2737,-13.8
2738,-12.6
2739,-12.5
2740,-10.4
2741,-9.9
2742,-5.5
2743,-6.2
2744,-9.2
2745,-10.8
2746,-10.8
2747,-12.3
2748,-7.0
2749,-5.0
2750,-2.8
2751,-2.2
2752,-4.4
2753,-6.0
2754,-5.8
2755,-5.8
2756,-5.7
2757,-5.6
2758,-5.0
2759,-4.8
2760,-5.2
2761,-5.2
2762,-4.6
2763,-4.2
2764,-3.4
2765,-3.2
2766,-1.6
2767,-1.2
2768,-2.2
2769,-3.8
2770,-3.2
2771,-3.0
2772,-2.6
2773,-2.0
2774,-1.2
2775,-3.0
2776,-6.4
2777,-8.8
2778,-9.6
2779,-10.2
2780,-9.7
2781,-8.9
2782,-8.2
2783,-7.0
2784,-9.0
2785,-10.4
2786,-9.0
2787,-9.8
2788,-6.4
2789,-4.0
2790,-3.8
2791,-4.6
2792,-6.8
2793,-8.2
2794,-9.0
2795,-10.4
2796,-8.7
2797,-4.6
2798,-3.5
2799,-2.4
2800,-4.1
2801,-6.2
2802,-5.8
2803,-5.0
2804,-4.6
2805,-4.2
2806,-3.8
2807,-3.4
2808,-4.6
2809,-4.8
2810,-4.2
2811,-3.4
2812,-2.8
2813,-2.8
2814,-2.2
2815,-0.9
2816,-3.2
2817,-4.0
2818,-3.4
2819,-3.4
2820,-2.8
2821,-2.3
2822,-0.8
2823,0.4
2824,-1.2
2825,-1.6
2826,-0.8
2827,-1.4
2828,-1.6
2829,-2.0
2830,-1.8
2831,-1.6
2832,-1.4
2833,-6.8
2834,-7.0
2835,-6.6
2836,-7.0
2837,-5.2
2838,-0.6
2839,0.6
2840,-1.6
2841,-4.6
2842,-3.0
2843,-1.6
2844,-1.0
2845,0.0
2846,1.0
2847,4.6
2848,2.8
2849,0.8
2850,0.6
2851,-0.8
2852,-1.2
2853,-2.1
2854,0.2
2855,-2.6
2856,-4.4
2857,-7.4
2858,-8.8
2859,-6.2
2860,-6.8
2861,-5.4
2862,-1.8
2863,-4.6
2864,-10.8
2865,-15.6
2866,-14.5
2867,-11.8
2868,-11.4
2869,-11.4
2870,-11.2
2871,-11.6
2872,-12.8
2873,-15.6
2874,-12.6
2875,-11.0
2876,-11.4
2877,-12.4
2878,-11.4
2879,-10.8
2880,-11.4
2881,-12.2
2882,-12.2
2883,-12.8
2884,-12.5
2885,-11.4
2886,-10.3
2887,-9.8
2888,-10.6
2889,-11.4
2890,-11.4
2891,-12.0
2892,-12.0
2893,-12.5
2894,-12.8
2895,-11.4
2896,-12.6
2897,-14.6
2898,-15.3
2899,-14.8
2900,-15.1
2901,-15.0
2902,-14.2
2903,-13.0
2904,-14.0
2905,-14.0
2906,-14.0
2907,-12.6
2908,-11.8
2909,-11.4
2910,-10.0
2911,-8.4
2912,-5.7
2913,-3.4
2914,-2.2
2915,-2.2
2916,-1.5
2917,-0.8
2918,-0.6
2919,1.0
2920,1.4
2921,0.6
2922,0.8
2923,-1.0
2924,0.0
2925,0.6
2926,1.6
2927,1.5
2928,-1.2
2929,-2.0
2930,-1.4
2931,-1.0
2932,-0.2
2933,0.6
2934,2.2
2935,3.0
2936,-2.8
2937,-7.0
2938,-6.8
2939,-6.4
2940,-5.8
2941,-3.8
2942,-0.8
2943,-0.6
2944,-5.0
2945,-9.6
2946,-9.8
2947,-8.4
2948,-6.6
2949,-5.0
2950,-1.5
2951,-2.6
2952,-5.4
2953,-12.0
2954,-10.8
2955,-10.0
2956,-5.0
2957,-4.2
2958,-2.1
2959,-2.1
2960,-3.8
2961,-4.2
2962,-4.3
2963,-4.9
2964,-5.0
2965,-3.5
2966,-3.0
2967,-2.2
2968,-2.6
2969,-4.2
2970,-3.6
2971,-3.6
2972,-3.0
2973,-3.2
2974,-2.7
2975,-1.2
2976,-1.6
2977,-2.0
2978,-2.0
2979,-2.4
2980,-2.0
2981,-1.2
2982,-0.8
2983,1.2
2984,1.8
2985,1.8
2986,1.4
2987,2.1
2988,2.6
2989,2.6
2990,4.0
2991,6.4
2992,8.4
2993,7.4
2994,6.2
2995,6.0
2996,5.4
2997,4.8
2998,5.0
2999,4.8
3000,4.4
3001,3.0
3002,3.2
3003,3.0
3004,2.8
3005,2.6
3006,3.5
3007,3.2
3008,1.3
3009,-4.4
3010,-2.7
3011,-2.7
3012,-2.9
3013,-6.0
3014,-1.6
3015,-2.0
3016,-5.6
3017,-6.0
3018,-5.8
3019,-6.2
3020,-5.2
3021,-3.8
3022,-0.8
3023,3.6
3024,-1.6
3025,-3.2
3026,-1.6
3027,0.9
3028,1.2
3029,1.6
3030,1.6
3031,1.0
3032,-1.8
3033,-4.6
3034,-5.0
3035,-7.8
3036,-3.7
3037,-2.8
3038,-0.2
3039,1.4
3040,0.6
3041,-1.1
3042,-1.6
3043,-1.2
3044,-0.2
3045,0.9
3046,4.2
3047,4.5
3048,-1.1
3049,-6.2
3050,-5.4
3051,-3.8
3052,-3.2
3053,0.4
3054,2.0
3055,3.0
3056,-2.4
3057,-8.3
3058,-7.8
3059,-6.8
3060,-5.0
3061,-3.2
3062,-0.8
3063,0.0
3064,-4.6
3065,-7.6
3066,-7.8
3067,-7.4
3068,-5.8
3069,-2.6
3070,-0.6
3071,0.0
3072,-3.2
3073,-8.9
3074,-5.2
3075,-4.0
3076,-2.7
3077,-0.6
3078,0.6
3079,0.8
3080,-0.6
3081,-1.0
3082,-1.0
3083,-0.6
3084,-0.4
3085,0.2
3086,0.4
3087,1.8
3088,1.4
3089,2.0
3090,1.7
3091,-1.3
3092,-4.5
3093,-3.7
3094,-2.2
3095,-2.6
3096,-5.9
3097,-10.4
3098,-8.0
3099,-8.2
3100,-4.6
3101,-4.0
3102,-1.9
3103,-1.0
3104,-2.0
3105,-0.1
3106,2.6
3107,4.2
3108,4.4
3109,4.5
3110,5.2
3111,7.2
3112,5.2
3113,4.6
3114,5.4
3115,0.0
3116,1.6
3117,4.4
3118,7.8
3119,10.0
3120,4.8
3121,-0.2
3122,0.2
3123,0.4
3124,7.0
3125,6.6
3126,9.0
3127,9.8
3128,8.3
3129,-1.4
3130,0.2
3131,4.5
3132,6.4
3133,9.0
3134,10.0
3135,9.0
3136,1.4
3137,-4.0
3138,-4.2
3139,-2.8
3140,-1.7
3141,-2.2
3142,1.0
3143,0.6
3144,-1.8
3145,-7.0
3146,-4.8
3147,-4.2
3148,-1.4
3149,-0.8
3150,0.0
3151,0.6
3152,1.2
3153,1.4
3154,2.2
3155,4.3
3156,3.9
3157,5.3
3158,3.2
3159,3.3
3160,-1.5
3161,-6.0
3162,-4.0
3163,-3.0
3164,-3.8
3165,-1.8
3166,2.5
3167,4.6
3168,-1.3
3169,-6.4
3170,-6.2
3171,-3.6
3172,-4.5
3173,-2.8
3174,1.6
3175,3.2
3176,-0.5
3177,-7.4
3178,-6.8
3179,-4.5
3180,-3.3
3181,0.4
3182,3.6
3183,4.6
3184,2.6
3185,0.8
3186,1.6
3187,2.8
3188,4.2
3189,4.8
3190,6.5
3191,7.2
3192,3.4
3193,-0.2
3194,-0.8
3195,0.8
3196,2.6
3197,1.8
3198,1.6
3199,2.4
3200,2.3
3201,-6.0
3202,-8.2
3203,-7.6
3204,-4.2
3205,-3.8
3206,-3.2
3207,-1.3
3208,-2.3
3209,-5.6
3210,-4.6
3211,-2.6
3212,-2.4
3213,-2.2
3214,-1.4
3215,-0.8
3216,-1.4
3217,-1.4
3218,-0.8
3219,-0.6
3220,-0.9
3221,0.6
3222,3.8
3223,5.4
3224,6.2
3225,6.6
3226,6.2
3227,5.4
3228,6.0
3229,6.8
3230,8.6
3231,7.4
3232,5.4
3233,2.1
3234,3.4
3235,3.0
3236,2.0
3237,3.0
3238,4.3
3239,3.8
3240,1.2
3241,-2.4
3242,-2.0
3243,-1.0
3244,-0.2
3245,0.6
3246,3.4
3247,3.2
3248,1.2
3249,0.0
3250,0.3
3251,1.3
3252,1.6
3253,2.4
3254,2.4
3255,2.8
3256,1.4
3257,0.8
3258,1.4
3259,1.3
3260,-0.6
3261,2.0
3262,6.8
3263,7.2
3264,4.4
3265,3.8
3266,4.0
3267,4.2
3268,2.3
3269,2.6
3270,6.2
3271,8.9
3272,6.0
3273,2.2
3274,2.6
3275,3.4
3276,4.0
3277,2.5
3278,7.7
3279,9.2
3280,8.1
3281,2.6
3282,2.4
3283,2.4
3284,4.2
3285,5.6
3286,9.2
3287,10.5
3288,7.0
3289,1.6
3290,1.0
3291,1.8
3292,4.4
3293,6.2
3294,11.6
3295,13.0
3296,7.2
3297,1.8
3298,2.8
3299,3.5
3300,3.6
3301,6.5
3302,10.8
3303,11.6
3304,6.2
3305,-0.2
3306,-0.2
3307,0.9
3308,2.7
3309,5.3
3310,9.6
3311,9.8
3312,6.2
3313,-0.6
3314,1.2
3315,-0.2
3316,0.4
3317,2.0
3318,3.8
3319,3.4
3320,-0.2
3321,-6.2
3322,-5.2
3323,-1.7
3324,0.0
3325,0.4
3326,1.0
3327,0.6
3328,0.2
3329,0.2
3330,0.0
3331,0.2
3332,0.8
3333,0.4
3334,1.0
3335,3.2
3336,1.8
3337,4.7
3338,0.4
3339,0.8
3340,1.2
3341,2.2
3342,4.2
3343,6.0
3344,4.0
3345,4.4
3346,3.2
3347,8.6
3348,6.4
3349,6.8
3350,10.4
3351,11.0
3352,10.2
3353,7.6
3354,8.4
3355,8.9
3356,9.6
3357,8.2
3358,11.2
3359,11.8
3360,10.3
3361,5.4
3362,5.8
3363,5.4
3364,6.8
3365,7.8
3366,8.1
3367,8.0
3368,5.2
3369,1.6
3370,3.4
3371,4.1
3372,4.8
3373,7.6
3374,11.2
3375,14.2
3376,13.6
3377,12.6
3378,14.4
3379,17.0
3380,13.0
3381,13.2
3382,13.6
3383,14.0
3384,21.0
3385,15.8
3386,16.2
3387,14.4
3388,18.2
3389,18.4
3390,20.4
3391,22.1
3392,18.2
3393,16.6
3394,11.6
3395,11.3
3396,12.6
3397,13.2
3398,14.8
3399,14.2
3400,12.4
3401,7.2
3402,7.0
3403,6.8
3404,7.4
3405,9.6
3406,13.2
3407,12.7
3408,9.7
3409,3.3
3410,5.0
3411,5.2
3412,4.5
3413,7.4
3414,9.0
3415,9.0
3416,7.1
3417,3.2
3418,3.1
3419,2.2
3420,4.0
3421,5.8
3422,8.0
3423,13.5
3424,11.2
3425,4.8
3426,5.8
3427,6.4
3428,7.0
3429,8.0
3430,13.6
3431,12.4
3432,7.8
3433,0.2
3434,-0.8
3435,0.6
3436,2.6
3437,6.8
3438,9.0
3439,10.0
3440,6.8
3441,4.8
3442,4.4
3443,3.8
3444,4.4
3445,6.0
3446,9.0
3447,10.2
3448,8.4
3449,5.4
3450,6.2
3451,6.8
3452,7.8
3453,8.0
3454,8.7
3455,10.5
3456,9.5
3457,7.8
3458,8.8
3459,8.8
3460,9.0
3461,8.8
3462,11.6
3463,11.4
3464,5.0
3465,-2.2
3466,-1.8
3467,-0.6
3468,1.8
3469,4.2
3470,6.8
3471,8.4
3472,8.0
3473,5.5
3474,6.6
3475,7.2
3476,8.4
3477,9.0
3478,10.4
3479,12.9
3480,11.5
3481,9.6
3482,10.6
3483,12.0
3484,13.4
3485,14.0
3486,14.5
3487,12.4
3488,11.1
3489,10.4
3490,10.6
3491,10.9
3492,10.7
3493,10.4
3494,14.9
3495,15.4
3496,14.0
3497,8.8
3498,10.0
3499,9.4
3500,10.9
3501,11.6
3502,16.2
3503,16.8
3504,16.0
3505,11.8
3506,11.3
3507,11.8
3508,12.3
3509,13.8
3510,16.4
3511,17.2
3512,13.4
3513,10.0
3514,8.8
3515,10.4
3516,11.1
3517,12.3
3518,14.4
3519,14.2
3520,11.8
3521,10.6
3522,10.8
3523,10.6
3524,11.6
3525,11.6
3526,11.6
3527,12.7
3528,12.2
3529,8.0
3530,9.2
3531,7.8
3532,7.0
3533,9.0
3534,12.0
3535,13.2
3536,10.8
3537,6.8
3538,6.2
3539,6.1
3540,6.5
3541,6.9
3542,7.4
3543,7.4
3544,6.4
3545,5.4
3546,5.5
3547,6.6
3548,6.8
3549,7.0
3550,10.1
3551,11.0
3552,9.7
3553,6.9
3554,6.8
3555,8.2
3556,8.0
3557,8.6
3558,8.8
3559,9.2
3560,9.5
3561,8.0
3562,9.1
3563,9.7
3564,9.9
3565,11.0
3566,15.4
3567,13.6
3568,11.8
3569,9.0
3570,9.2
3571,10.0
3572,10.0
3573,12.2
3574,15.8
3575,13.8
3576,10.5
3577,6.6
3578,5.4
3579,7.0
3580,9.0
3581,11.8
3582,19.0
3583,17.4
3584,12.6
3585,4.7
3586,4.1
3587,4.6
3588,5.2
3589,10.2
3590,13.4
3591,6.2
3592,5.0
3593,5.8
3594,6.0
3595,6.0
3596,12.2
3597,11.0
3598,10.6
3599,10.8
3600,11.2
3601,11.7
3602,11.9
3603,12.0
3604,11.8
3605,12.4
3606,11.8
3607,10.4
3608,10.8
3609,11.2
3610,10.9
3611,11.5
3612,11.4
3613,10.3
3614,8.4
3615,8.8
3616,8.6
3617,10.2
3618,11.4
3619,14.6
3620,14.5
3621,9.0
3622,2.4
3623,2.0
3624,1.0
3625,2.4
3626,7.4
3627,10.6
3628,11.2
3629,9.4
3630,7.4
3631,7.2
3632,9.0
3633,11.0
3634,12.2
3635,12.0
3636,15.0
3637,12.6
3638,8.2
3639,6.2
3640,7.6
3641,8.4
3642,10.6
3643,14.4
3644,10.8
3645,9.4
3646,5.5
3647,5.2
3648,6.6
3649,6.5
3650,8.1
3651,9.2
3652,10.0
3653,11.2
3654,10.4
3655,8.5
3656,6.6
3657,9.8
3658,11.1
3659,13.5
3660,12.2
3661,14.2
3662,13.2
3663,13.8
3664,15.6
3665,15.8
3666,19.0
3667,23.8
3668,25.2
3669,22.4
3670,15.6
3671,15.0
3672,15.6
3673,17.1
3674,20.0
3675,26.0
3676,24.6
3677,18.8
3678,11.6
3679,10.7
3680,13.1
3681,11.9
3682,17.9
3683,25.2
3684,23.1
3685,18.2
3686,10.8
3687,11.0
3688,11.1
3689,15.1
3690,19.9
3691,24.8
3692,23.0
3693,17.5
3694,10.8
3695,9.0
3696,7.4
3697,14.8
3698,17.4
3699,22.4
3700,21.6
3701,16.4
3702,9.5
3703,5.8
3704,8.6
3705,12.2
3706,14.6
3707,20.9
3708,20.6
3709,16.2
3710,8.2
3711,7.0
3712,6.6
3713,11.6
3714,14.0
3715,18.0
3716,18.6
3717,14.5
3718,8.0
3719,4.8
3720,7.0
3721,11.2
3722,12.8
3723,16.2
3724,18.2
3725,15.6
3726,10.4
3727,9.0
3728,7.6
3729,13.4
3730,14.2
3731,18.0
3732,18.2
3733,15.4
3734,8.5
3735,8.2
3736,7.0
3737,11.3
3738,14.2
3739,19.8
3740,19.1
3741,15.1
3742,8.2
3743,6.3
3744,7.8
3745,9.2
3746,12.0
3747,18.9
3748,17.8
3749,14.8
3750,6.4
3751,3.9
3752,4.6
3753,7.4
3754,11.8
3755,16.0
3756,16.8
3757,14.0
3758,9.0
3759,8.9
3760,9.7
3761,11.6
3762,12.7
3763,14.1
3764,15.6
3765,13.6
3766,12.5
3767,12.8
3768,13.1
3769,12.5
3770,14.3
3771,15.4
3772,18.4
3773,15.7
3774,13.0
3775,10.8
3776,13.4
3777,14.6
3778,16.8
3779,23.8
3780,22.0
3781,19.8
3782,16.2
3783,16.8
3784,18.0
3785,18.3
3786,22.1
3787,27.4
3788,28.0
3789,25.2
3790,19.6
3791,17.6
3792,20.9
3793,21.6
3794,26.0
3795,31.0
3796,29.2
3797,23.3
3798,16.6
3799,14.4
3800,14.4
3801,19.2
3802,24.0
3803,28.8
3804,27.2
3805,22.0
3806,15.8
3807,14.6
3808,15.8
3809,18.5
3810,22.0
3811,27.6
3812,27.8
3813,22.3
3814,14.8
3815,13.8
3816,13.6
3817,17.6
3818,19.4
3819,25.2
3820,26.0
3821,22.8
3822,14.2
3823,11.6
3824,13.1
3825,17.5
3826,21.3
3827,25.4
3828,24.8
3829,22.4
3830,15.2
3831,11.4
3832,14.0
3833,18.2
3834,22.0
3835,26.0
3836,25.4
3837,23.7
3838,17.6
3839,16.0
3840,17.6
3841,19.4
3842,21.6
3843,25.4
3844,27.4
3845,24.0
3846,16.8
3847,16.2
3848,16.3
3849,17.8
3850,21.2
3851,24.0
3852,24.0
3853,20.2
3854,16.1
3855,16.0
3856,16.8
3857,16.9
3858,18.7
3859,22.0
3860,24.6
3861,23.3
3862,18.0
3863,17.0
3864,19.6
3865,20.6
3866,21.1
3867,25.0
3868,25.8
3869,23.7
3870,17.8
3871,14.6
3872,16.6
3873,16.8
3874,17.6
3875,19.1
3876,20.4
3877,20.6
3878,17.9
3879,16.0
3880,16.2
3881,17.4
3882,18.2
3883,19.8
3884,17.6
3885,15.2
3886,14.2
3887,14.8
3888,16.2
3889,20.3
3890,21.4
3891,23.6
3892,27.5
3893,23.0
3894,16.4
3895,15.6
3896,16.4
3897,18.2
3898,20.8
3899,28.0
3900,26.2
3901,23.0
3902,15.2
3903,13.8
3904,13.0
3905,17.0
3906,20.0
3907,25.7
3908,25.2
3909,22.2
3910,14.6
3911,11.8
3912,13.6
3913,15.2
3914,21.8
3915,25.2
3916,25.4
3917,23.6
3918,17.2
3919,16.2
3920,18.0
3921,18.8
3922,21.8
3923,24.4
3924,26.4
3925,23.0
3926,17.8
3927,16.6
3928,17.4
3929,18.4
3930,21.8
3931,27.2
3932,28.0
3933,24.2
3934,17.6
3935,16.0
3936,20.4
3937,21.0
3938,25.4
3939,27.8
3940,29.0
3941,25.6
3942,17.2
3943,14.4
3944,15.8
3945,19.4
3946,22.0
3947,25.6
3948,27.0
3949,24.0
3950,15.2
3951,14.7
3952,13.5
3953,16.0
3954,21.6
3955,26.7
3956,25.8
3957,23.4
3958,14.8
3959,10.2
3960,12.2
3961,14.6
3962,21.0
3963,25.1
3964,25.0
3965,22.6
3966,13.6
3967,10.4
3968,14.0
3969,16.4
3970,20.6
3971,24.4
3972,24.0
3973,22.2
3974,16.6
3975,13.0
3976,16.2
3977,19.6
3978,22.2
3979,24.4
3980,25.3
3981,23.6
3982,20.2
3983,18.0
3984,19.0
3985,20.0
3986,22.0
3987,24.9
3988,26.0
3989,21.8
3990,16.6
3991,15.2
3992,15.8
3993,16.2
3994,17.6
3995,22.8
3996,21.8
3997,18.5
3998,15.2
3999,15.0
4000,15.2
4001,16.2
4002,18.2
4003,19.6
4004,30.3
4005,27.0
4006,19.0
4007,17.8
4008,18.5
4009,21.4
4010,26.4
4011,30.0
4012,29.4
4013,26.5
4014,18.9
4015,17.2
4016,17.4
4017,20.4
4018,23.4
4019,26.8
4020,28.0
4021,23.8
4022,17.4
4023,13.6
4024,14.4
4025,17.0
4026,21.0
4027,22.6
4028,23.8
4029,20.4
4030,17.2
4031,16.8
4032,17.4
4033,18.0
4034,19.6
4035,22.0
4036,25.0
4037,21.0
4038,17.6
4039,17.6
4040,19.0
4041,20.9
4042,26.6
4043,29.2
4044,30.0
4045,24.4
4046,20.0
4047,18.4
4048,20.8
4049,19.3
4050,24.7
4051,30.0
4052,28.8
4053,23.8
4054,17.2
4055,15.4
4056,13.2
4057,19.1
4058,22.2
4059,29.0
4060,27.0
4061,21.6
4062,16.1
4063,12.6
4064,11.7
4065,15.0
4066,21.8
4067,25.8
4068,23.7
4069,20.2
4070,14.3
4071,8.6
4072,8.8
4073,14.6
4074,17.4
4075,22.0
4076,21.6
4077,19.4
4078,14.4
4079,13.0
4080,13.4
4081,14.6
4082,18.2
4083,20.0
4084,20.6
4085,17.4
4086,14.5
4087,13.4
4088,12.9
4089,15.2
4090,18.2
4091,24.6
4092,27.0
4093,24.0
4094,20.8
4095,18.4
4096,19.6
4097,21.6
4098,26.2
4099,29.6
4100,28.0
4101,25.9
4102,19.6
4103,18.4
4104,18.9
4105,19.6
4106,20.9
4107,24.0
4108,26.0
4109,23.0
4110,18.0
4111,17.6
4112,17.7
4113,17.5
4114,20.2
4115,23.8
4116,26.4
4117,24.4
4118,19.7
4119,18.2
4120,18.8
4121,19.8
4122,24.4
4123,28.3
4124,29.4
4125,25.4
4126,19.8
4127,19.0
4128,21.0
4129,25.2
4130,27.4
4131,31.2
4132,31.0
4133,27.8
4134,20.8
4135,20.2
4136,21.6
4137,22.3
4138,26.8
4139,30.6
4140,29.8
4141,26.4
4142,21.2
4143,18.1
4144,19.0
4145,22.2
4146,24.8
4147,28.4
4148,29.1
4149,24.8
4150,18.4
4151,15.2
4152,18.2
4153,20.2
4154,24.2
4155,26.2
4156,26.0
4157,23.0
4158,19.2
4159,17.6
4160,18.4
4161,20.1
4162,21.1
4163,23.8
4164,25.8
4165,22.2
4166,18.0
4167,17.0
4168,18.8
4169,18.2
4170,27.8
4171,32.3
4172,31.9
4173,28.5
4174,22.2
4175,17.2
4176,17.8
4177,21.5
4178,27.4
4179,31.8
4180,30.6
4181,27.0
4182,21.8
4183,15.9
4184,17.9
4185,22.2
4186,25.0
4187,28.8
4188,28.4
4189,26.0
4190,21.5
4191,20.7
4192,21.2
4193,19.5
4194,22.2
4195,28.4
4196,28.1
4197,24.8
4198,19.4
4199,19.2
4200,19.2
4201,21.4
4202,25.6
4203,30.0
4204,29.6
4205,25.6
4206,20.4
4207,16.6
4208,18.4
4209,20.5
4210,23.9
4211,27.6
4212,28.0
4213,24.8
4214,18.2
4215,15.8
4216,17.8
4217,18.0
4218,20.2
4219,22.0
4220,28.4
4221,26.0
4222,20.7
4223,18.4
4224,19.1
4225,21.4
4226,26.4
4227,28.0
4228,30.2
4229,27.0
4230,23.0
4231,19.8
4232,19.4
4233,21.8
4234,27.6
4235,30.6
4236,30.6
4237,27.9
4238,22.0
4239,16.3
4240,18.0
4241,21.0
4242,25.4
4243,32.4
4244,31.0
4245,26.0
4246,20.8
4247,15.2
4248,15.8
4249,18.8
4250,26.3
4251,30.0
4252,28.2
4253,24.0
4254,18.3
4255,14.4
4256,14.8
4257,15.8
4258,23.6
4259,25.4
4260,25.8
4261,23.2
4262,19.4
4263,15.5
4264,18.0
4265,20.2
4266,22.1
4267,22.6
4268,23.6
4269,21.6
4270,18.0
4271,16.4
4272,18.4
4273,19.8
4274,21.8
4275,23.3
4276,22.6
4277,22.0
4278,19.4
4279,15.4
4280,17.3
4281,18.5
4282,21.1
4283,21.4
4284,21.8
4285,17.8
4286,16.0
4287,15.4
4288,15.5
4289,16.0
4290,19.8
4291,20.6
4292,21.8
4293,20.2
4294,16.1
4295,15.8
4296,16.6
4297,17.2
4298,17.6
4299,23.2
4300,20.3
4301,16.3
4302,15.2
4303,19.4
4304,20.8
4305,18.8
4306,20.4
4307,21.6
4308,27.8
4309,25.0
4310,19.8
4311,20.1
4312,23.4
4313,26.7
4314,31.8
4315,34.4
4316,32.7
4317,28.4
4318,23.6
4319,19.1
4320,20.8
4321,23.0
4322,29.2
4323,32.6
4324,31.2
4325,26.0
4326,21.2
4327,16.1
4328,19.2
4329,22.4
4330,27.2
4331,30.7
4332,29.6
4333,26.3
4334,21.4
4335,17.8
4336,19.4
4337,20.0
4338,27.0
4339,29.4
4340,28.1
4341,26.0
4342,20.6
4343,15.5
4344,17.0
4345,17.2
4346,25.2
4347,28.8
4348,27.2
4349,25.6
4350,22.0
4351,19.8
4352,21.2
4353,21.8
4354,27.2
4355,29.4
4356,27.8
4357,23.4
4358,18.2
4359,11.4
4360,15.6
4361,15.8
4362,23.6
4363,26.2
4364,24.4
4365,21.2
4366,16.8
4367,9.3
4368,13.6
4369,18.2
4370,21.8
4371,24.8
4372,25.2
4373,23.8
4374,20.0
4375,18.9
4376,19.6
4377,21.0
4378,25.2
4379,27.8
4380,26.8
4381,24.6
4382,20.5
4383,16.4
4384,17.5
4385,20.2
4386,23.6
4387,25.6
4388,25.7
4389,23.5
4390,19.5
4391,17.2
4392,18.2
4393,19.8
4394,22.4
4395,25.8
4396,25.8
4397,22.8
4398,20.4
4399,20.4
4400,21.4
4401,20.0
4402,25.2
4403,29.6
4404,28.6
4405,26.0
4406,20.2
4407,16.4
4408,16.6
4409,19.0
4410,23.4
4411,25.4
4412,22.2
4413,26.8
4414,21.0
4415,16.2
4416,17.9
4417,20.1
4418,20.0
4419,25.9
4420,29.0
4421,26.8
4422,22.0
4423,18.1
4424,20.4
4425,21.6
4426,26.2
4427,29.2
4428,28.0
4429,24.6
4430,20.3
4431,14.0
4432,19.2
4433,20.4
4434,23.4
4435,24.0
4436,21.7
4437,21.7
4438,17.6
4439,16.8
4440,16.8
4441,16.8
4442,19.6
4443,21.8
4444,20.6
4445,20.6
4446,17.4
4447,15.5
4448,16.2
4449,21.0
4450,25.0
4451,27.8
4452,26.4
4453,25.0
4454,21.4
4455,17.8
4456,19.5
4457,22.2
4458,24.2
4459,26.5
4460,27.4
4461,24.8
4462,20.2
4463,16.2
4464,19.0
4465,22.7
4466,26.0
4467,27.3
4468,27.6
4469,26.0
4470,22.6
4471,18.8
4472,18.1
4473,20.0
4474,22.3
4475,22.6
4476,22.2
4477,28.5
4478,23.8
4479,18.2
4480,21.6
4481,23.4
4482,27.0
4483,28.1
4484,27.6
4485,28.7
4486,24.1
4487,17.2
4488,19.2
4489,22.8
4490,26.7
4491,30.4
4492,30.7
4493,28.8
4494,24.0
4495,18.4
4496,22.0
4497,22.8
4498,27.1
4499,30.8
4500,30.7
4501,28.2
4502,23.0
4503,19.3
4504,21.0
4505,23.4
4506,26.6
4507,29.0
4508,28.8
4509,23.6
4510,20.9
4511,19.0
4512,21.0
4513,21.6
4514,26.0
4515,27.7
4516,26.6
4517,25.1
4518,23.8
4519,20.6
4520,21.4
4521,25.6
4522,28.7
4523,31.4
4524,32.8
4525,29.8
4526,24.6
4527,22.0
4528,23.2
4529,26.1
4530,31.2
4531,33.2
4532,31.2
4533,26.5
4534,21.1
4535,17.1
4536,19.6
4537,19.3
4538,25.3
4539,28.4
4540,27.2
4541,23.2
4542,18.0
4543,14.2
4544,14.0
4545,19.4
4546,22.4
4547,24.0
4548,23.4
4549,21.8
4550,17.2
4551,10.4
4552,12.0
4553,13.6
4554,19.4
4555,20.6
4556,15.8
4557,18.8
4558,15.6
4559,13.4
4560,14.1
4561,13.9
4562,16.8
4563,20.8
4564,18.2
4565,17.2
4566,15.4
4567,14.8
4568,14.0
4569,17.0
4570,18.8
4571,20.4
4572,24.8
4573,22.8
4574,20.0
4575,15.6
4576,15.8
4577,17.9
4578,22.6
4579,25.4
4580,25.2
4581,22.0
4582,17.2
4583,13.0
4584,15.0
4585,14.8
4586,18.2
4587,20.6
4588,22.2
4589,20.2
4590,16.0
4591,11.4
4592,12.6
4593,15.6
4594,19.0
4595,22.8
4596,21.4
4597,18.5
4598,14.2
4599,10.4
4600,11.0
4601,12.8
4602,16.8
4603,19.9
4604,19.8
4605,18.3
4606,14.5
4607,11.6
4608,11.2
4609,12.0
4610,16.4
4611,15.6
4612,21.0
4613,18.8
4614,16.6
4615,14.4
4616,15.2
4617,15.8
4618,17.0
4619,22.2
4620,20.6
4621,16.8
4622,15.2
4623,13.8
4624,14.6
4625,17.8
4626,20.4
4627,23.7
4628,22.0
4629,21.6
4630,16.3
4631,11.0
4632,11.1
4633,14.6
4634,18.2
4635,21.8
4636,22.4
4637,21.0
4638,16.8
4639,11.8
4640,14.0
4641,17.2
4642,19.8
4643,22.8
4644,21.4
4645,19.6
4646,16.0
4647,13.0
4648,14.2
4649,14.2
4650,20.0
4651,21.2
4652,21.6
4653,19.8
4654,18.0
4655,13.6
4656,16.0
4657,20.8
4658,22.4
4659,24.0
4660,25.6
4661,22.5
4662,18.4
4663,13.5
4664,15.0
4665,16.8
4666,23.0
4667,25.6
4668,25.0
4669,22.8
4670,18.9
4671,13.0
4672,16.2
4673,20.2
4674,24.6
4675,26.8
4676,28.0
4677,24.4
4678,20.2
4679,14.8
4680,17.6
4681,19.8
4682,24.0
4683,26.0
4684,25.2
4685,22.0
4686,17.0
4687,14.4
4688,14.3
4689,16.6
4690,22.6
4691,25.4
4692,24.8
4693,21.4
4694,15.6
4695,11.8
4696,13.2
4697,15.6
4698,20.4
4699,24.0
4700,22.2
4701,20.2
4702,16.4
4703,13.4
4704,13.0
4705,14.1
4706,14.4
4707,17.6
4708,15.6
4709,19.2
4710,14.8
4711,13.2
4712,13.4
4713,14.2
4714,15.4
4715,16.8
4716,16.8
4717,13.4
4718,12.2
4719,12.0
4720,10.6
4721,12.8
4722,14.0
4723,18.6
4724,23.8
4725,22.4
4726,15.2
4727,12.0
4728,13.8
4729,16.0
4730,21.3
4731,24.7
4732,23.0
4733,18.7
4734,13.4
4735,9.6
4736,9.6
4737,12.2
4738,17.4
4739,21.0
4740,19.4
4741,16.2
4742,11.2
4743,8.2
4744,10.4
4745,11.2
4746,11.8
4747,13.6
4748,14.8
4749,13.8
4750,13.4
4751,13.0
4752,12.8
4753,13.4
4754,14.4
4755,15.4
4756,18.2
4757,16.8
4758,14.0
4759,10.6
4760,12.0
4761,14.7
4762,18.7
4763,21.0
4764,20.2
4765,16.3
4766,12.0
4767,8.0
4768,9.8
4769,9.0
4770,14.8
4771,17.2
4772,15.4
4773,14.6
4774,9.7
4775,2.2
4776,3.8
4777,8.0
4778,12.2
4779,13.8
4780,14.0
4781,11.8
4782,7.4
4783,3.2
4784,6.6
4785,7.0
4786,8.2
4787,10.0
4788,8.7
4789,8.4
4790,9.5
4791,8.4
4792,12.2
4793,13.6
4794,16.4
4795,17.8
4796,19.5
4797,18.4
4798,12.6
4799,7.4
4800,10.1
4801,12.3
4802,14.6
4803,14.2
4804,21.4
4805,18.0
4806,13.0
4807,7.4
4808,10.1
4809,14.4
4810,15.6
4811,21.9
4812,21.2
4813,17.0
4814,16.0
4815,13.4
4816,15.0
4817,15.0
4818,16.0
4819,17.6
4820,17.8
4821,17.2
4822,14.2
4823,13.4
4824,14.0
4825,14.0
4826,15.8
4827,19.8
4828,19.6
4829,15.7
4830,12.6
4831,11.4
4832,11.8
4833,12.4
4834,15.0
4835,19.0
4836,19.8
4837,15.8
4838,10.8
4839,6.4
4840,9.6
4841,12.0
4842,14.0
4843,17.4
4844,19.0
4845,15.6
4846,11.2
4847,7.3
4848,9.8
4849,10.0
4850,13.1
4851,14.8
4852,16.6
4853,12.8
4854,8.2
4855,6.7
4856,6.4
4857,10.0
4858,11.0
4859,17.4
4860,15.1
4861,15.4
4862,9.8
4863,6.4
4864,7.0
4865,10.4
4866,12.4
4867,15.5
4868,14.2
4869,13.6
4870,8.2
4871,4.0
4872,7.6
4873,8.1
4874,9.7
4875,14.6
4876,12.2
4877,10.6
4878,8.6
4879,8.0
4880,8.4
4881,8.4
4882,8.8
4883,9.9
4884,11.0
4885,8.6
4886,7.8
4887,7.2
4888,8.0
4889,8.8
4890,9.4
4891,11.2
4892,11.6
4893,9.1
4894,8.4
4895,8.0
4896,8.0
4897,8.7
4898,10.9
4899,13.4
4900,14.2
4901,12.4
4902,9.0
4903,8.6
4904,10.5
4905,12.8
4906,14.4
4907,16.6
4908,17.6
4909,14.6
4910,11.2
4911,8.4
4912,8.8
4913,12.0
4914,14.2
4915,16.0
4916,15.8
4917,12.7
4918,10.9
4919,9.8
4920,10.2
4921,10.6
4922,11.2
4923,11.8
4924,12.2
4925,12.6
4926,10.6
4927,11.0
4928,11.4
4929,13.0
4930,16.4
4931,18.8
4932,18.2
4933,15.6
4934,10.6
4935,8.0
4936,8.2
4937,11.2
4938,14.8
4939,17.7
4940,16.8
4941,10.2
4942,4.6
4943,-0.3
4944,0.2
4945,4.0
4946,6.6
4947,9.0
4948,7.6
4949,5.2
4950,3.6
4951,3.4
4952,3.0
4953,4.7
4954,7.7
4955,13.0
4956,11.0
4957,8.3
4958,6.7
4959,5.0
4960,6.2
4961,9.2
4962,11.0
4963,12.2
4964,13.2
4965,13.8
4966,11.0
4967,10.4
4968,11.2
4969,11.4
4970,13.2
4971,17.8
4972,18.1
4973,14.4
4974,10.2
4975,7.0
4976,10.4
4977,9.8
4978,15.8
4979,21.8
4980,19.2
4981,15.0
4982,9.1
4983,2.0
4984,6.8
4985,6.2
4986,13.4
4987,17.6
4988,15.8
4989,12.2
4990,7.6
4991,2.5
4992,6.5
4993,7.9
4994,9.3
4995,11.5
4996,13.2
4997,10.6
4998,8.4
4999,10.4
5000,15.4
5001,17.0
5002,19.6
5003,24.2
5004,25.1
5005,22.2
5006,18.4
5007,17.2
5008,18.2
5009,21.0
5010,25.8
5011,30.0
5012,27.8
5013,21.5
5014,14.6
5015,12.2
5016,14.6
5017,13.8
5018,21.6
5019,26.8
5020,24.7
5021,20.8
5022,13.0
5023,8.6
5024,11.6
5025,14.4
5026,20.6
5027,26.0
5028,22.3
5029,16.2
5030,9.6
5031,5.6
5032,8.2
5033,9.4
5034,15.4
5035,18.2
5036,16.2
5037,13.2
5038,10.6
5039,9.4
5040,11.8
5041,12.4
5042,14.5
5043,23.5
5044,24.0
5045,20.6
5046,17.4
5047,18.7
5048,14.4
5049,14.5
5050,18.2
5051,24.0
5052,22.6
5053,17.8
5054,11.2
5055,6.4
5056,7.6
5057,9.4
5058,16.2
5059,20.6
5060,19.2
5061,15.8
5062,10.2
5063,9.8
5064,11.3
5065,11.2
5066,10.8
5067,10.4
5068,9.2
5069,8.6
5070,7.8
5071,7.8
5072,7.8
5073,8.0
5074,9.2
5075,13.0
5076,15.4
5077,14.7
5078,13.0
5079,10.6
5080,10.8
5081,10.6
5082,13.2
5083,16.4
5084,19.4
5085,16.4
5086,13.4
5087,11.8
5088,13.2
5089,13.9
5090,16.1
5091,20.6
5092,18.2
5093,18.8
5094,16.4
5095,15.0
5096,15.4
5097,18.6
5098,20.5
5099,25.4
5100,24.8
5101,20.4
5102,13.4
5103,11.6
5104,14.5
5105,17.0
5106,21.2
5107,25.0
5108,25.4
5109,20.5
5110,13.3
5111,9.3
5112,11.6
5113,17.0
5114,21.4
5115,24.7
5116,24.0
5117,18.2
5118,11.2
5119,8.1
5120,10.6
5121,14.2
5122,19.6
5123,24.2
5124,21.8
5125,15.4
5126,9.0
5127,8.2
5128,7.7
5129,10.8
5130,16.0
5131,20.6
5132,18.4
5133,12.2
5134,7.6
5135,6.4
5136,8.8
5137,12.9
5138,16.3
5139,21.8
5140,22.4
5141,19.8
5142,10.6
5143,12.2
5144,12.0
5145,15.6
5146,20.6
5147,25.6
5148,22.5
5149,18.4
5150,11.2
5151,7.4
5152,10.1
5153,12.0
5154,19.0
5155,23.2
5156,21.5
5157,15.5
5158,10.0
5159,6.2
5160,7.4
5161,11.6
5162,16.0
5163,19.8
5164,19.0
5165,13.8
5166,7.6
5167,5.0
5168,6.0
5169,8.8
5170,10.4
5171,12.2
5172,14.2
5173,10.8
5174,6.4
5175,5.8
5176,6.6
5177,9.0
5178,11.0
5179,12.6
5180,11.4
5181,6.4
5182,0.8
5183,-2.0
5184,-0.2
5185,3.0
5186,5.2
5187,7.0
5188,6.0
5189,3.8
5190,2.4
5191,2.8
5192,4.1
5193,5.5
5194,6.7
5195,9.8
5196,9.6
5197,5.8
5198,1.0
5199,-1.4
5200,2.2
5201,3.0
5202,2.8
5203,4.7
5204,6.0
5205,5.9
5206,3.1
5207,2.4
5208,3.2
5209,4.0
5210,4.8
5211,5.2
5212,4.6
5213,3.0
5214,3.0
5215,6.2
5216,6.4
5217,7.2
5218,7.6
5219,12.2
5220,9.6
5221,9.0
5222,8.8
5223,7.4
5224,7.3
5225,7.8
5226,9.0
5227,18.4
5228,16.4
5229,9.5
5230,7.0
5231,6.9
5232,7.0
5233,8.9
5234,9.4
5235,14.8
5236,15.6
5237,11.0
5238,4.4
5239,2.2
5240,3.6
5241,6.6
5242,10.6
5243,13.8
5244,13.0
5245,9.2
5246,3.0
5247,4.1
5248,5.0
5249,7.0
5250,9.2
5251,10.8
5252,11.4
5253,9.4
5254,6.0
5255,5.8
5256,3.2
5257,8.2
5258,10.0
5259,14.6
5260,12.2
5261,6.8
5262,0.2
5263,-0.6
5264,-0.4
5265,5.8
5266,5.0
5267,11.0
5268,8.8
5269,4.4
5270,-1.2
5271,-1.0
5272,-0.6
5273,0.6
5274,4.0
5275,5.0
5276,5.2
5277,4.2
5278,1.4
5279,1.2
5280,2.3
5281,2.0
5282,3.6
5283,6.0
5284,5.7
5285,2.8
5286,-2.4
5287,-3.6
5288,-1.2
5289,-0.8
5290,0.3
5291,2.3
5292,3.2
5293,1.6
5294,3.4
5295,3.6
5296,3.4
5297,2.6
5298,2.8
5299,4.0
5300,4.6
5301,3.8
5302,4.5
5303,5.0
5304,5.6
5305,6.0
5306,7.4
5307,9.4
5308,11.8
5309,7.2
5310,3.0
5311,4.0
5312,5.0
5313,6.1
5314,6.4
5315,8.0
5316,6.3
5317,4.9
5318,4.0
5319,4.2
5320,5.2
5321,5.4
5322,6.0
5323,5.8
5324,7.1
5325,9.2
5326,6.8
5327,7.1
5328,7.8
5329,7.6
5330,7.6
5331,9.2
5332,8.2
5333,7.6
5334,6.2
5335,5.5
5336,5.7
5337,6.3
5338,8.5
5339,12.1
5340,11.6
5341,9.8
5342,6.4
5343,6.2
5344,7.1
5345,6.4
5346,14.3
5347,17.1
5348,18.8
5349,14.5
5350,7.4
5351,5.0
5352,6.0
5353,8.6
5354,9.8
5355,14.4
5356,11.0
5357,6.4
5358,3.6
5359,4.6
5360,5.8
5361,6.1
5362,8.4
5363,13.0
5364,11.7
5365,7.3
5366,2.8
5367,4.2
5368,3.2
5369,4.0
5370,5.2
5371,7.4
5372,8.0
5373,5.4
5374,3.0
5375,3.1
5376,6.7
5377,8.0
5378,9.3
5379,11.1
5380,11.0
5381,7.8
5382,2.1
5383,1.0
5384,4.1
5385,6.6
5386,8.7
5387,12.2
5388,10.5
5389,6.4
5390,5.0
5391,5.8
5392,7.8
5393,10.2
5394,12.6
5395,16.4
5396,17.6
5397,13.3
5398,10.1
5399,9.7
5400,8.4
5401,8.6
5402,9.2
5403,11.5
5404,10.3
5405,8.0
5406,4.8
5407,6.8
5408,7.8
5409,7.8
5410,7.2
5411,10.2
5412,9.8
5413,8.1
5414,6.6
5415,6.2
5416,6.0
5417,6.8
5418,9.4
5419,10.0
5420,9.4
5421,6.2
5422,4.2
5423,4.8
5424,5.2
5425,6.7
5426,9.6
5427,14.6
5428,12.6
5429,8.0
5430,4.4
5431,4.2
5432,5.0
5433,5.1
5434,6.7
5435,12.0
5436,9.2
5437,5.2
5438,0.8
5439,1.8
5440,2.7
5441,2.8
5442,3.8
5443,5.2
5444,9.0
5445,10.3
5446,10.2
5447,10.6
5448,11.8
5449,15.4
5450,18.8
5451,18.5
5452,18.0
5453,13.8
5454,5.0
5455,7.4
5456,11.2
5457,11.4
5458,14.6
5459,17.6
5460,16.6
5461,10.9
5462,3.2
5463,5.6
5464,4.8
5465,5.4
5466,9.2
5467,9.4
5468,7.4
5469,3.6
5470,2.2
5471,1.5
5472,1.7
5473,3.0
5474,3.1
5475,5.8
5476,6.8
5477,6.6
5478,6.4
5479,6.9
5480,6.6
5481,7.1
5482,7.6
5483,9.4
5484,8.6
5485,7.0
5486,5.3
5487,5.6
5488,5.8
5489,6.6
5490,7.4
5491,9.0
5492,9.2
5493,7.4
5494,7.2
5495,9.0
5496,10.2
5497,11.6
5498,11.2
5499,15.8
5500,16.2
5501,11.8
5502,8.2
5503,9.4
5504,10.4
5505,10.8
5506,13.2
5507,17.4
5508,17.8
5509,14.0
5510,10.0
5511,12.0
5512,13.2
5513,17.4
5514,19.8
5515,20.4
5516,21.4
5517,14.7
5518,16.7
5519,17.2
5520,16.4
5521,17.0
5522,16.8
5523,18.2
5524,18.4
5525,12.0
5526,6.4
5527,6.4
5528,4.6
5529,4.6
5530,9.6
5531,10.7
5532,8.6
5533,8.3
5534,5.4
5535,5.2
5536,5.0
5537,5.7
5538,7.0
5539,8.1
5540,7.2
5541,3.0
5542,2.2
5543,2.2
5544,2.8
5545,4.4
5546,6.2
5547,7.2
5548,7.4
5549,6.8
5550,1.8
5551,3.4
5552,4.2
5553,8.4
5554,8.6
5555,10.2
5556,12.4
5557,3.8
5558,2.0
5559,1.4
5560,2.5
5561,3.4
5562,6.6
5563,10.0
5564,7.6
5565,5.0
5566,-1.8
5567,-0.9
5568,-0.7
5569,0.8
5570,2.0
5571,6.7
5572,5.4
5573,1.4
5574,-4.0
5575,-2.4
5576,-1.8
5577,-0.8
5578,1.0
5579,6.2
5580,5.0
5581,1.6
5582,-4.2
5583,-3.3
5584,-2.2
5585,-2.7
5586,0.2
5587,3.9
5588,2.8
5589,1.4
5590,-0.6
5591,-1.2
5592,-0.8
5593,-1.6
5594,-0.6
5595,1.0
5596,1.4
5597,0.4
5598,0.0
5599,0.0
5600,0.4
5601,0.4
5602,1.8
5603,2.3
5604,3.5
5605,9.6
5606,9.0
5607,7.8
5608,8.3
5609,11.4
5610,15.6
5611,18.4
5612,15.5
5613,12.2
5614,6.4
5615,6.2
5616,7.4
5617,8.4
5618,11.4
5619,15.5
5620,15.0
5621,11.4
5622,5.0
5623,5.9
5624,10.2
5625,12.0
5626,11.4
5627,12.2
5628,12.2
5629,7.8
5630,5.2
5631,4.8
5632,6.0
5633,4.6
5634,6.0
5635,7.9
5636,8.6
5637,4.0
5638,0.6
5639,0.6
5640,2.0
5641,2.4
5642,6.6
5643,11.2
5644,11.2
5645,6.8
5646,6.2
5647,7.4
5648,7.0
5649,9.0
5650,8.8
5651,10.2
5652,10.0
5653,5.2
5654,0.6
5655,2.3
5656,3.8
5657,3.2
5658,7.6
5659,10.5
5660,8.2
5661,3.2
5662,-2.0
5663,0.3
5664,1.0
5665,2.3
5666,4.3
5667,8.4
5668,8.6
5669,4.9
5670,1.8
5671,1.6
5672,1.1
5673,-0.3
5674,2.6
5675,4.0
5676,3.8
5677,3.2
5678,3.0
5679,-3.2
5680,-4.6
5681,-4.9
5682,-3.2
5683,0.0
5684,-0.4
5685,-2.4
5686,-5.3
5687,-5.4
5688,-5.6
5689,-7.6
5690,-9.2
5691,-10.0
5692,-11.2
5693,-14.4
5694,-18.0
5695,-18.8
5696,-17.0
5697,-14.8
5698,-12.4
5699,-9.0
5700,-8.0
5701,-11.6
5702,-16.8
5703,-15.4
5704,-13.0
5705,-7.3
5706,-6.0
5707,-4.2
5708,-3.4
5709,-4.4
5710,-5.8
5711,-5.2
5712,-3.2
5713,-1.9
5714,-6.4
5715,-5.6
5716,-5.0
5717,-9.6
5718,-16.0
5719,-14.8
5720,-14.6
5721,-12.0
5722,-10.7
5723,-8.2
5724,-8.0
5725,-10.8
5726,-15.4
5727,-14.3
5728,-12.8
5729,-12.0
5730,-8.6
5731,-5.6
5732,-3.6
5733,-5.6
5734,-6.2
5735,-6.2
5736,-6.2
5737,-6.4
5738,-6.4
5739,-5.2
5740,-5.0
5741,-5.8
5742,-6.4
5743,-6.4
5744,-6.4
5745,-5.4
5746,-3.8
5747,-3.2
5748,-3.2
5749,-2.8
5750,-3.2
5751,-2.0
5752,-1.4
5753,-1.2
5754,-1.0
5755,-0.4
5756,0.0
5757,0.3
5758,0.6
5759,1.0
5760,4.0
5761,4.2
5762,5.7
5763,5.8
5764,4.2
5765,2.4
5766,2.2
5767,1.6
5768,1.4
5769,1.6
5770,4.2
5771,6.0
5772,7.1
5773,4.8
5774,3.3
5775,3.4
5776,4.0
5777,2.2
5778,3.8
5779,6.2
5780,6.0
5781,5.7
5782,1.9
5783,1.6
5784,2.5
5785,3.2
5786,5.2
5787,6.2
5788,6.5
5789,15.8
5790,12.8
5791,8.2
5792,13.6
5793,10.0
5794,10.8
5795,14.2
5796,12.5
5797,8.5
5798,4.0
5799,4.0
5800,5.4
5801,5.0
5802,8.0
5803,8.6
5804,8.4
5805,4.2
5806,2.6
5807,2.6
5808,4.4
5809,3.8
5810,3.4
5811,6.7
5812,4.4
5813,2.8
5814,-0.5
5815,-0.9
5816,0.4
5817,0.4
5818,4.8
5819,5.5
5820,6.4
5821,3.7
5822,2.1
5823,2.4
5824,3.0
5825,2.5
5826,2.2
5827,0.8
5828,1.7
5829,2.7
5830,1.8
5831,1.6
5832,2.0
5833,2.0
5834,2.0
5835,2.6
5836,3.6
5837,2.8
5838,2.0
5839,2.6
5840,1.0
5841,0.4
5842,0.4
5843,1.0
5844,2.8
5845,-1.0
5846,-2.2
5847,-3.2
5848,-3.6
5849,-3.2
5850,-3.8
5851,-4.8
5852,-5.2
5853,-8.4
5854,-9.8
5855,-10.0
5856,-10.4
5857,-10.6
5858,-8.6
5859,-7.2
5860,-7.0
5861,-7.4
5862,-6.8
5863,-6.3
5864,-5.6
5865,-4.2
5866,-2.6
5867,-2.2
5868,-2.0
5869,-3.4
5870,-3.4
5871,-2.8
5872,-5.2
5873,-7.1
5874,-7.8
5875,-5.4
5876,-5.0
5877,-8.5
5878,-13.2
5879,-15.0
5880,-13.8
5881,-9.3
5882,-9.1
5883,-7.2
5884,-5.2
5885,-6.0
5886,-9.0
5887,-9.5
5888,-7.6
5889,-7.4
5890,-5.0
5891,-3.2
5892,-2.6
5893,-2.6
5894,-1.6
5895,1.0
5896,3.4
5897,4.0
5898,4.8
5899,6.2
5900,2.8
5901,-1.4
5902,-2.6
5903,-2.2
5904,-1.2
5905,-0.8
5906,0.4
5907,0.6
5908,0.4
5909,-1.0
5910,-1.6
5911,-0.8
5912,-0.4
5913,0.0
5914,0.8
5915,1.0
5916,0.6
5917,-0.4
5918,-0.8
5919,-0.4
5920,0.4
5921,0.8
5922,1.4
5923,3.2
5924,4.8
5925,3.6
5926,0.0
5927,3.8
5928,5.2
5929,2.0
5930,0.8
5931,2.6
5932,3.4
5933,0.2
5934,-2.0
5935,-0.3
5936,2.0
5937,2.4
5938,5.8
5939,9.2
5940,8.8
5941,4.4
5942,-1.6
5943,1.9
5944,2.1
5945,5.0
5946,5.9
5947,9.8
5948,9.6
5949,4.8
5950,0.4
5951,1.0
5952,1.7
5953,2.9
5954,8.8
5955,10.7
5956,7.0
5957,-0.4
5958,-2.2
5959,-1.6
5960,-1.0
5961,-0.6
5962,-0.2
5963,-0.2
5964,-0.6
5965,-1.6
5966,-1.8
5967,-1.6
5968,-1.0
5969,-0.7
5970,0.0
5971,0.0
5972,0.4
5973,-0.7
5974,-3.0
5975,-0.8
5976,-0.8
5977,0.5
5978,5.0
5979,5.4
5980,7.0
5981,2.0
5982,-3.0
5983,-2.2
5984,-0.6
5985,-0.2
5986,-1.6
5987,-0.8
5988,-0.8
5989,-3.4
5990,-5.5
5991,-4.7
5992,-3.2
5993,0.4
5994,2.8
5995,3.4
5996,4.0
5997,2.4
5998,1.0
5999,1.3
6000,1.3
6001,1.6
6002,2.7
6003,2.7
6004,2.8
6005,2.0
6006,1.6
6007,1.0
6008,0.2
6009,1.7
6010,2.6
6011,3.8
6012,5.2
6013,3.3
6014,-1.5
6015,-1.8
6016,0.2
6017,1.4
6018,4.7
6019,9.7
6020,10.2
6021,5.4
6022,-0.8
6023,-1.6
6024,-1.4
6025,1.4
6026,2.4
6027,5.4
6028,7.2
6029,3.8
6030,-2.6
6031,-1.7
6032,-1.1
6033,1.0
6034,5.5
6035,6.0
6036,5.8
6037,2.6
6038,1.8
6039,1.6
6040,1.9
6041,2.6
6042,2.1
6043,2.2
6044,3.2
6045,2.2
6046,1.6
6047,1.6
6048,1.8
6049,2.0
6050,2.0
6051,2.4
6052,2.8
6053,2.0
6054,2.3
6055,3.0
6056,3.6
6057,3.4
6058,2.6
6059,5.4
6060,7.0
6061,5.0
6062,2.8
6063,1.8
6064,0.5
6065,0.7
6066,1.8
6067,2.1
6068,1.8
6069,1.7
6070,0.3
6071,-0.8
6072,-0.8
6073,-0.6
6074,1.4
6075,3.2
6076,2.4
6077,0.8
6078,0.4
6079,0.8
6080,0.8
6081,1.4
6082,2.0
6083,2.2
6084,3.8
6085,0.8
6086,0.6
6087,1.5
6088,1.1
6089,2.0
6090,2.4
6091,5.4
6092,6.6
6093,4.8
6094,2.6
6095,2.2
6096,3.2
6097,2.5
6098,5.2
6099,9.4
6100,11.4
6101,9.4
6102,5.2
6103,5.6
6104,6.5
6105,6.0
6106,5.9
6107,10.7
6108,10.2
6109,9.8
6110,8.2
6111,8.0
6112,8.4
6113,9.0
6114,8.4
6115,7.8
6116,8.7
6117,8.6
6118,8.2
6119,9.0
6120,9.6
6121,5.8
6122,9.2
6123,11.2
6124,11.8
6125,6.2
6126,3.0
6127,1.8
6128,1.6
6129,0.8
6130,4.4
6131,7.8
6132,9.2
6133,3.0
6134,-0.8
6135,-1.2
6136,-0.4
6137,2.4
6138,3.0
6139,3.4
6140,3.8
6141,3.4
6142,2.4
6143,1.8
6144,2.7
6145,1.4
6146,2.7
6147,2.9
6148,3.6
6149,3.3
6150,3.8
6151,3.6
6152,3.6
6153,3.8
6154,3.8
6155,4.3
6156,4.6
6157,4.0
6158,3.4
6159,3.6
6160,3.2
6161,3.4
6162,3.8
6163,4.9
6164,5.0
6165,3.8
6166,4.0
6167,4.0
6168,5.6
6169,7.6
6170,6.8
6171,7.0
6172,6.6
6173,5.6
6174,5.3
6175,4.6
6176,4.6
6177,5.5
6178,7.0
6179,7.2
6180,7.0
6181,6.2
6182,5.6
6183,8.2
6184,7.6
6185,7.0
6186,9.2
6187,11.8
6188,13.0
6189,9.0
6190,8.2
6191,9.2
6192,9.0
6193,10.4
6194,12.2
6195,16.8
6196,18.5
6197,19.0
6198,17.4
6199,17.8
6200,17.1
6201,17.4
6202,17.0
6203,18.2
6204,17.0
6205,14.6
6206,10.6
6207,8.8
6208,9.2
6209,9.8
6210,11.2
6211,15.8
6212,14.8
6213,10.4
6214,3.2
6215,3.0
6216,3.8
6217,7.2
6218,10.8
6219,16.2
6220,17.6
6221,12.8
6222,4.8
6223,5.4
6224,10.4
6225,8.0
6226,12.4
6227,15.3
6228,15.8
6229,10.0
6230,3.8
6231,4.9
6232,5.4
6233,8.0
6234,11.4
6235,14.2
6236,15.4
6237,11.8
6238,8.8
6239,6.4
6240,11.4
6241,11.8
6242,13.8
6243,14.8
6244,16.2
6245,14.0
6246,4.8
6247,6.3
6248,5.9
6249,7.4
6250,8.4
6251,10.8
6252,12.0
6253,9.2
6254,1.0
6255,4.4
6256,8.0
6257,9.8
6258,12.0
6259,15.3
6260,17.8
6261,12.2
6262,5.0
6263,6.4
6264,6.0
6265,7.8
6266,12.5
6267,17.2
6268,18.2
6269,13.6
6270,6.4
6271,8.1
6272,7.8
6273,9.8
6274,14.8
6275,19.0
6276,19.2
6277,14.4
6278,7.2
6279,8.6
6280,13.2
6281,15.8
6282,16.8
6283,18.0
6284,20.0
6285,18.0
6286,15.3
6287,14.8
6288,14.9
6289,16.0
6290,15.1
6291,15.5
6292,15.5
6293,15.2
6294,13.9
6295,14.0
6296,15.6
6297,16.1
6298,17.4
6299,18.8
6300,19.2
6301,15.8
6302,7.2
6303,12.8
6304,10.8
6305,12.6
6306,12.0
6307,14.2
6308,14.6
6309,9.5
6310,2.1
6311,2.0
6312,1.8
6313,7.4
6314,9.0
6315,12.2
6316,13.5
6317,7.4
6318,0.4
6319,0.4
6320,1.3
6321,3.5
6322,7.5
6323,13.4
6324,13.6
6325,8.0
6326,1.4
6327,0.0
6328,1.6
6329,4.2
6330,7.4
6331,14.2
6332,15.2
6333,8.4
6334,0.8
6335,3.1
6336,5.2
6337,3.9
6338,9.9
6339,11.9
6340,14.8
6341,8.7
6342,-0.7
6343,1.0
6344,3.2
6345,6.6
6346,5.8
6347,11.6
6348,14.4
6349,8.2
6350,-1.5
6351,0.6
6352,1.0
6353,2.8
6354,4.6
6355,11.8
6356,11.0
6357,7.0
6358,-1.3
6359,0.4
6360,1.1
6361,2.6
6362,5.0
6363,9.6
6364,10.2
6365,8.4
6366,2.0
6367,1.6
6368,3.6
6369,6.6
6370,7.2
6371,8.2
6372,10.0
6373,8.8
6374,6.5
6375,8.1
6376,8.4
6377,8.8
6378,8.9
6379,12.7
6380,13.2
6381,9.4
6382,4.4
6383,3.8
6384,6.2
6385,5.8
6386,7.2
6387,10.4
6388,12.6
6389,8.6
6390,2.2
6391,2.4
6392,3.7
6393,5.6
6394,6.8
6395,12.2
6396,11.8
6397,9.2
6398,3.6
6399,4.6
6400,5.2
6401,6.4
6402,8.8
6403,12.9
6404,14.0
6405,8.7
6406,3.6
6407,3.2
6408,3.6
6409,6.2
6410,9.0
6411,15.2
6412,14.5
6413,6.6
6414,0.4
6415,0.8
6416,1.2
6417,2.8
6418,5.8
6419,11.8
6420,8.4
6421,3.8
6422,1.0
6423,0.8
6424,1.2
6425,5.6
6426,7.8
6427,10.0
6428,12.0
6429,8.2
6430,4.0
6431,4.2
6432,4.9
6433,5.6
6434,7.0
6435,8.0
6436,8.2
6437,8.2
6438,6.2
6439,6.2
6440,6.2
6441,6.0
6442,6.2
6443,6.4
6444,7.2
6445,6.4
6446,5.5
6447,6.0
6448,6.4
6449,6.4
6450,6.8
6451,9.6
6452,9.2
6453,8.0
6454,6.4
6455,6.2
6456,7.2
6457,7.8
6458,10.0
6459,14.6
6460,16.6
6461,15.0
6462,11.0
6463,10.4
6464,10.4
6465,11.2
6466,11.8
6467,17.6
6468,17.2
6469,12.4
6470,11.6
6471,11.8
6472,11.5
6473,10.8
6474,12.6
6475,17.2
6476,16.8
6477,14.0
6478,11.4
6479,10.9
6480,9.1
6481,10.3
6482,11.1
6483,14.6
6484,15.2
6485,13.9
6486,9.8
6487,9.0
6488,10.4
6489,10.7
6490,10.7
6491,11.6
6492,11.9
6493,11.0
6494,10.4
6495,10.8
6496,11.4
6497,12.2
6498,12.0
6499,12.0
6500,12.3
6501,12.3
6502,10.9
6503,9.8
6504,8.2
6505,13.8
6506,14.0
6507,12.6
6508,7.4
6509,6.8
6510,7.0
6511,7.4
6512,8.6
6513,14.8
6514,13.2
6515,9.6
6516,8.6
6517,8.5
6518,8.8
6519,9.6
6520,10.2
6521,12.8
6522,14.2
6523,11.4
6524,12.0
6525,13.0
6526,13.3
6527,13.2
6528,14.3
6529,16.0
6530,18.2
6531,14.4
6532,11.8
6533,12.2
6534,12.4
6535,12.2
6536,11.4
6537,11.8
6538,12.3
6539,11.5
6540,11.7
6541,11.4
6542,11.0
6543,11.4
6544,11.8
6545,14.0
6546,12.2
6547,10.8
6548,9.4
6549,9.0
6550,9.2
6551,10.0
6552,10.2
6553,10.6
6554,10.8
6555,11.5
6556,12.0
6557,13.0
6558,13.6
6559,14.0
6560,15.2
6561,17.3
6562,17.6
6563,14.6
6564,10.0
6565,9.3
6566,8.2
6567,10.1
6568,14.0
6569,18.6
6570,19.5
6571,17.2
6572,13.8
6573,12.6
6574,14.8
6575,15.8
6576,16.2
6577,21.4
6578,23.2
6579,17.6
6580,12.1
6581,12.2
6582,12.4
6583,14.0
6584,16.6
6585,21.1
6586,21.4
6587,16.2
6588,10.4
6589,9.2
6590,9.4
6591,12.2
6592,16.2
6593,20.0
6594,18.6
6595,14.4
6596,8.0
6597,6.4
6598,7.2
6599,8.3
6600,11.6
6601,15.6
6602,16.0
6603,14.5
6604,7.6
6605,6.8
6606,8.8
6607,10.6
6608,12.8
6609,15.0
6610,15.8
6611,14.4
6612,8.6
6613,6.5
6614,10.4
6615,10.8
6616,11.5
6617,13.8
6618,16.0
6619,12.0
6620,9.2
6621,8.6
6622,9.9
6623,10.1
6624,10.5
6625,12.4
6626,12.8
6627,11.6
6628,10.1
6629,9.8
6630,10.0
6631,10.1
6632,10.4
6633,10.8
6634,11.4
6635,12.2
6636,12.1
6637,12.0
6638,13.0
6639,13.6
6640,14.4
6641,15.6
6642,15.2
6643,13.0
6644,12.4
6645,13.2
6646,14.0
6647,14.0
6648,14.0
6649,14.8
6650,15.5
6651,15.8
6652,14.6
6653,14.6
6654,14.0
6655,15.4
6656,17.6
6657,19.2
6658,22.4
6659,20.6
6660,15.8
6661,15.1
6662,15.2
6663,16.7
6664,19.3
6665,22.2
6666,24.5
6667,20.6
6668,15.8
6669,14.6
6670,16.2
6671,17.2
6672,18.6
6673,22.8
6674,24.2
6675,21.2
6676,13.3
6677,14.1
6678,15.7
6679,16.7
6680,17.9
6681,20.8
6682,21.1
6683,18.0
6684,14.4
6685,14.2
6686,14.2
6687,14.4
6688,14.6
6689,16.8
6690,20.8
6691,18.5
6692,16.4
6693,16.1
6694,15.4
6695,16.4
6696,22.0
6697,26.0
6698,28.8
6699,24.6
6700,17.8
6701,16.6
6702,18.2
6703,18.8
6704,23.2
6705,30.4
6706,31.6
6707,26.4
6708,18.4
6709,18.0
6710,16.8
6711,20.2
6712,24.4
6713,33.4
6714,32.6
6715,25.6
6716,18.6
6717,17.2
6718,16.9
6719,21.0
6720,24.4
6721,32.8
6722,30.0
6723,23.1
6724,16.5
6725,13.8
6726,15.8
6727,18.6
6728,23.4
6729,30.0
6730,27.6
6731,22.8
6732,16.8
6733,14.0
6734,16.3
6735,18.8
6736,22.6
6737,28.4
6738,26.6
6739,21.2
6740,14.8
6741,12.2
6742,14.6
6743,16.6
6744,19.6
6745,25.8
6746,24.2
6747,20.0
6748,15.8
6749,13.0
6750,13.7
6751,15.6
6752,19.3
6753,23.8
6754,22.3
6755,17.4
6756,10.8
6757,7.8
6758,9.2
6759,11.8
6760,14.5
6761,19.8
6762,18.4
6763,15.6
6764,14.8
6765,14.6
6766,14.4
6767,14.6
6768,15.4
6769,19.8
6770,19.6
6771,18.4
6772,17.4
6773,17.0
6774,17.4
6775,17.8
6776,18.0
6777,17.8
6778,16.8
6779,15.0
6780,14.4
6781,14.8
6782,17.0
6783,16.4
6784,18.0
6785,20.3
6786,21.8
6787,17.4
6788,11.5
6789,9.6
6790,9.6
6791,12.4
6792,16.7
6793,21.4
6794,19.5
6795,17.0
6796,13.8
6797,13.6
6798,14.5
6799,13.7
6800,18.0
6801,22.6
6802,20.8
6803,16.8
6804,15.0
6805,15.0
6806,16.4
6807,17.4
6808,20.8
6809,24.8
6810,25.8
6811,24.9
6812,23.6
6813,23.6
6814,28.4
6815,26.0
6816,29.8
6817,34.0
6818,33.6
6819,27.0
6820,20.4
6821,19.0
6822,17.8
6823,24.4
6824,27.8
6825,32.4
6826,32.0
6827,27.6
6828,19.2
6829,18.3
6830,17.5
6831,22.8
6832,25.2
6833,32.6
6834,32.2
6835,27.8
6836,20.6
6837,18.4
6838,20.4
6839,22.6
6840,27.6
6841,33.0
6842,32.2
6843,26.0
6844,19.4
6845,17.0
6846,18.8
6847,20.2
6848,25.2
6849,32.0
6850,31.8
6851,26.8
6852,21.0
6853,18.4
6854,20.2
6855,21.8
6856,25.6
6857,31.4
6858,31.8
6859,26.0
6860,21.4
6861,18.8
6862,20.4
6863,22.6
6864,27.4
6865,31.0
6866,30.4
6867,25.5
6868,18.5
6869,15.0
6870,17.5
6871,20.0
6872,25.0
6873,30.6
6874,29.8
6875,24.1
6876,18.0
6877,15.8
6878,15.4
6879,19.6
6880,24.8
6881,30.0
6882,28.4
6883,24.0
6884,16.4
6885,14.0
6886,16.6
6887,19.2
6888,23.7
6889,27.8
6890,27.6
6891,24.0
6892,18.8
6893,15.2
6894,17.0
6895,18.6
6896,22.2
6897,28.0
6898,27.6
6899,25.6
6900,19.8
6901,17.6
6902,19.2
6903,20.2
6904,23.8
6905,27.6
6906,27.0
6907,23.0
6908,16.8
6909,14.8
6910,15.2
6911,16.8
6912,20.4
6913,25.6
6914,25.0
6915,21.0
6916,15.0
6917,11.6
6918,15.7
6919,15.6
6920,19.0
6921,22.8
6922,21.2
6923,18.2
6924,14.8
6925,14.4
6926,14.2
6927,14.8
6928,15.2
6929,16.0
6930,17.6
6931,18.0
6932,16.0
6933,15.0
6934,15.5
6935,15.3
6936,16.5
6937,19.0
6938,20.6
6939,19.8
6940,16.0
6941,15.4
6942,15.8
6943,16.0
6944,16.2
6945,17.6
6946,19.2
6947,20.2
6948,19.5
6949,19.4
6950,20.0
6951,20.8
6952,20.8
6953,28.4
6954,28.2
6955,25.0
6956,20.0
6957,14.2
6958,16.2
6959,21.2
6960,23.0
6961,27.4
6962,27.4
6963,23.8
6964,18.8
6965,13.2
6966,14.4
6967,18.8
6968,20.6
6969,20.6
6970,23.8
6971,18.6
6972,16.4
6973,20.3
6974,20.7
6975,23.2
6976,26.2
6977,29.4
6978,32.3
6979,28.4
6980,22.6
6981,19.8
6982,19.8
6983,22.6
6984,26.6
6985,30.1
6986,31.4
6987,27.3
6988,20.4
6989,18.2
6990,19.8
6991,22.0
6992,25.2
6993,29.7
6994,31.6
6995,27.6
6996,21.2
6997,19.2
6998,18.6
6999,21.4
7000,28.0
7001,31.2
7002,31.0
7003,28.4
7004,22.4
7005,17.6
7006,18.2
7007,22.1
7008,26.7
7009,31.0
7010,32.4
7011,29.0
7012,22.6
7013,17.6
7014,17.6
7015,19.6
7016,26.0
7017,30.9
7018,30.6
7019,27.8
7020,20.1
7021,16.4
7022,17.4
7023,21.0
7024,25.2
7025,29.3
7026,29.3
7027,27.4
7028,21.4
7029,19.2
7030,19.6
7031,20.8
7032,25.8
7033,28.6
7034,28.5
7035,25.6
7036,20.4
7037,15.3
7038,16.4
7039,21.2
7040,24.1
7041,27.0
7042,28.6
7043,26.4
7044,21.8
7045,16.9
7046,19.6
7047,19.9
7048,27.1
7049,30.5
7050,30.4
7051,29.2
7052,24.3
7053,17.8
7054,19.6
7055,23.2
7056,27.2
7057,29.5
7058,28.4
7059,23.6
7060,20.6
7061,16.5
7062,19.2
7063,20.1
7064,27.8
7065,30.3
7066,29.7
7067,27.4
7068,21.6
7069,18.4
7070,21.6
7071,23.0
7072,26.4
7073,30.4
7074,30.5
7075,27.8
7076,22.0
7077,19.0
7078,19.2
7079,22.6
7080,25.8
7081,29.4
7082,28.7
7083,25.7
7084,21.0
7085,19.0
7086,19.6
7087,22.7
7088,25.5
7089,28.8
7090,27.4
7091,23.0
7092,20.6
7093,19.3
7094,20.2
7095,22.4
7096,24.9
7097,27.8
7098,28.0
7099,24.6
7100,18.8
7101,17.6
7102,18.6
7103,19.7
7104,20.8
7105,20.0
7106,27.0
7107,24.2
7108,18.2
7109,21.4
7110,22.6
7111,22.5
7112,24.0
7113,34.0
7114,34.6
7115,30.4
7116,25.0
7117,23.0
7118,24.8
7119,26.8
7120,30.4
7121,34.0
7122,33.7
7123,29.5
7124,24.4
7125,19.4
7126,20.8
7127,25.0
7128,28.0
7129,32.8
7130,30.4
7131,27.6
7132,23.2
7133,19.9
7134,22.2
7135,24.3
7136,28.6
7137,31.1
7138,31.2
7139,26.8
7140,21.6
7141,19.0
7142,21.8
7143,23.6
7144,27.8
7145,30.3
7146,31.8
7147,28.8
7148,22.6
7149,18.2
7150,20.8
7151,22.6
7152,27.8
7153,31.6
7154,31.7
7155,28.2
7156,21.0
7157,17.6
7158,19.4
7159,21.0
7160,26.6
7161,29.6
7162,29.2
7163,26.2
7164,20.4
7165,14.7
7166,19.4
7167,23.6
7168,26.4
7169,30.8
7170,30.6
7171,28.4
7172,21.8
7173,17.6
7174,21.7
7175,25.2
7176,28.4
7177,31.6
7178,31.8
7179,27.6
7180,24.1
7181,20.0
7182,21.8
7183,24.0
7184,28.4
7185,31.5
7186,31.4
7187,29.3
7188,25.2
7189,18.4
7190,22.0
7191,22.8
7192,28.6
7193,33.4
7194,33.2
7195,27.8
7196,22.2
7197,18.7
7198,21.5
7199,23.7
7200,28.2
7201,32.0
7202,32.0
7203,28.8
7204,22.0
7205,16.2
7206,20.6
7207,22.2
7208,27.6
7209,31.8
7210,31.2
7211,28.0
7212,22.8
7213,17.2
7214,20.0
7215,23.5
7216,27.4
7217,31.2
7218,30.2
7219,26.8
7220,20.4
7221,15.0
7222,19.4
7223,21.6
7224,26.6
7225,29.3
7226,29.6
7227,26.2
7228,21.6
7229,15.4
7230,19.4
7231,20.1
7232,24.8
7233,26.8
7234,27.3
7235,24.2
7236,19.6
7237,13.2
7238,15.2
7239,19.6
7240,22.4
7241,25.0
7242,24.4
7243,19.8
7244,17.2
7245,20.0
7246,19.4
7247,19.2
7248,25.4
7249,29.4
7250,28.0
7251,24.0
7252,19.2
7253,15.3
7254,15.1
7255,19.0
7256,23.3
7257,26.6
7258,27.0
7259,23.4
7260,17.4
7261,11.4
7262,13.8
7263,18.8
7264,23.2
7265,25.8
7266,23.8
7267,20.6
7268,17.0
7269,11.8
7270,16.2
7271,17.6
7272,19.9
7273,21.8
7274,22.0
7275,19.6
7276,18.0
7277,17.6
7278,18.8
7279,20.2
7280,23.4
7281,28.8
7282,30.6
7283,27.0
7284,22.0
7285,16.4
7286,17.8
7287,22.4
7288,26.8
7289,30.6
7290,30.6
7291,27.0
7292,21.2
7293,18.1
7294,20.1
7295,22.5
7296,27.9
7297,30.8
7298,30.2
7299,27.2
7300,21.0
7301,16.1
7302,15.8
7303,21.5
7304,25.8
7305,29.9
7306,29.4
7307,26.6
7308,20.2
7309,13.6
7310,17.3
7311,18.2
7312,24.5
7313,26.2
7314,26.6
7315,24.4
7316,18.7
7317,14.0
7318,15.2
7319,18.5
7320,22.0
7321,24.0
7322,23.4
7323,21.8
7324,18.4
7325,13.4
7326,14.4
7327,19.0
7328,22.2
7329,24.8
7330,24.4
7331,23.2
7332,17.6
7333,14.6
7334,14.8
7335,18.6
7336,22.8
7337,24.2
7338,24.9
7339,22.6
7340,16.8
7341,11.2
7342,12.2
7343,13.6
7344,19.0
7345,20.6
7346,22.0
7347,18.8
7348,15.8
7349,14.4
7350,14.4
7351,15.5
7352,17.9
7353,18.8
7354,19.4
7355,21.2
7356,17.2
7357,15.4
7358,16.4
7359,17.4
7360,19.7
7361,20.7
7362,21.3
7363,20.0
7364,17.5
7365,15.4
7366,16.8
7367,17.8
7368,20.0
7369,21.1
7370,20.6
7371,18.6
7372,15.6
7373,12.8
7374,17.6
7375,17.2
7376,18.6
7377,22.0
7378,19.6
7379,15.5
7380,13.0
7381,11.2
7382,12.2
7383,12.6
7384,13.4
7385,16.2
7386,16.2
7387,14.2
7388,13.2
7389,10.6
7390,12.8
7391,14.0
7392,15.8
7393,16.8
7394,17.4
7395,15.6
7396,12.6
7397,11.6
7398,12.7
7399,14.9
7400,18.6
7401,25.2
7402,26.2
7403,23.0
7404,16.8
7405,10.5
7406,13.6
7407,16.0
7408,22.0
7409,23.8
7410,22.7
7411,19.6
7412,14.0
7413,9.8
7414,11.2
7415,11.2
7416,18.4
7417,19.7
7418,19.2
7419,17.8
7420,13.7
7421,7.2
7422,10.2
7423,13.0
7424,13.8
7425,14.8
7426,12.6
7427,11.6
7428,13.6
7429,13.2
7430,13.5
7431,13.8
7432,16.8
7433,19.2
7434,18.0
7435,19.8
7436,16.2
7437,9.7
7438,11.0
7439,13.1
7440,19.0
7441,19.6
7442,18.5
7443,18.6
7444,14.6
7445,14.1
7446,14.3
7447,14.4
7448,14.4
7449,14.7
7450,16.4
7451,14.1
7452,13.8
7453,15.0
7454,16.0
7455,16.0
7456,17.2
7457,16.9
7458,25.1
7459,21.5
7460,20.2
7461,17.8
7462,18.8
7463,20.2
7464,22.8
7465,25.2
7466,25.3
7467,22.9
7468,20.4
7469,19.2
7470,19.8
7471,20.4
7472,26.6
7473,29.8
7474,28.8
7475,25.8
7476,20.6
7477,15.6
7478,17.4
7479,18.9
7480,23.0
7481,29.0
7482,29.8
7483,25.8
7484,20.8
7485,13.6
7486,17.7
7487,19.7
7488,24.5
7489,28.0
7490,28.0
7491,24.4
7492,20.0
7493,15.3
7494,16.9
7495,18.0
7496,22.3
7497,26.6
7498,25.8
7499,24.2
7500,18.6
7501,13.4
7502,15.6
7503,17.8
7504,22.3
7505,24.9
7506,23.8
7507,21.8
7508,18.3
7509,14.5
7510,15.5
7511,15.4
7512,16.1
7513,25.3
7514,24.2
7515,20.5
7516,16.2
7517,14.2
7518,16.4
7519,16.8
7520,21.6
7521,23.4
7522,23.2
7523,21.4
7524,18.4
7525,9.6
7526,11.8
7527,13.9
7528,19.6
7529,22.4
7530,21.5
7531,19.8
7532,17.6
7533,11.0
7534,14.0
7535,15.1
7536,19.7
7537,23.0
7538,23.4
7539,22.0
7540,19.0
7541,12.9
7542,12.2
7543,15.2
7544,19.1
7545,22.9
7546,22.4
7547,20.4
7548,14.2
7549,10.8
7550,12.0
7551,13.4
7552,16.4
7553,17.0
7554,16.8
7555,17.7
7556,17.2
7557,13.0
7558,15.2
7559,16.7
7560,23.3
7561,25.8
7562,25.8
7563,24.4
7564,18.6
7565,12.6
7566,14.4
7567,16.4
7568,19.2
7569,22.0
7570,25.6
7571,23.1
7572,17.0
7573,11.4
7574,13.4
7575,15.8
7576,21.4
7577,24.0
7578,24.6
7579,21.8
7580,16.4
7581,10.0
7582,14.0
7583,15.4
7584,19.6
7585,22.8
7586,23.8
7587,21.4
7588,15.8
7589,12.0
7590,12.5
7591,15.2
7592,20.2
7593,22.6
7594,23.1
7595,20.6
7596,15.0
7597,10.8
7598,9.6
7599,15.3
7600,20.0
7601,22.4
7602,20.7
7603,16.8
7604,12.0
7605,4.8
7606,8.6
7607,13.2
7608,15.2
7609,17.6
7610,17.0
7611,14.6
7612,10.6
7613,9.2
7614,10.4
7615,10.8
7616,11.3
7617,12.3
7618,14.6
7619,12.6
7620,10.6
7621,9.6
7622,11.0
7623,11.6
7624,12.2
7625,14.8
7626,18.4
7627,18.0
7628,15.4
7629,12.8
7630,13.7
7631,15.6
7632,17.8
7633,19.1
7634,18.4
7635,17.8
7636,12.6
7637,8.8
7638,9.2
7639,12.4
7640,14.6
7641,18.4
7642,16.2
7643,13.2
7644,14.4
7645,13.1
7646,14.4
7647,15.4
7648,16.0
7649,22.6
7650,24.2
7651,21.7
7652,16.5
7653,12.8
7654,13.8
7655,17.0
7656,19.8
7657,23.6
7658,23.6
7659,22.0
7660,18.4
7661,16.1
7662,14.5
7663,16.7
7664,17.9
7665,19.2
7666,24.4
7667,21.4
7668,17.0
7669,15.1
7670,16.6
7671,19.4
7672,22.0
7673,26.4
7674,26.1
7675,21.6
7676,15.8
7677,10.4
7678,13.5
7679,16.3
7680,19.2
7681,22.6
7682,25.0
7683,22.3
7684,17.0
7685,12.5
7686,14.5
7687,16.4
7688,19.4
7689,21.8
7690,25.2
7691,22.8
7692,18.2
7693,16.0
7694,16.0
7695,17.7
7696,21.0
7697,23.4
7698,22.8
7699,20.6
7700,16.6
7701,11.6
7702,14.5
7703,18.8
7704,18.6
7705,23.6
7706,24.0
7707,21.0
7708,17.0
7709,16.2
7710,17.0
7711,19.5
7712,24.2
7713,26.5
7714,25.0
7715,22.0
7716,17.4
7717,15.0
7718,16.2
7719,17.6
7720,22.2
7721,26.5
7722,23.4
7723,19.4
7724,15.4
7725,12.5
7726,12.9
7727,14.0
7728,20.8
7729,22.4
7730,24.8
7731,19.5
7732,13.8
7733,10.3
7734,12.4
7735,11.4
7736,19.5
7737,22.9
7738,20.7
7739,17.0
7740,11.3
7741,7.0
7742,7.4
7743,10.0
7744,14.7
7745,19.0
7746,18.0
7747,16.2
7748,13.2
7749,10.0
7750,10.8
7751,11.1
7752,12.3
7753,12.3
7754,13.6
7755,12.8
7756,12.2
7757,11.6
7758,11.8
7759,11.9
7760,14.4
7761,18.0
7762,20.5
7763,17.0
7764,14.3
7765,11.2
7766,11.8
7767,12.8
7768,16.2
7769,18.8
7770,21.4
7771,19.4
7772,16.1
7773,13.6
7774,14.6
7775,15.8
7776,19.8
7777,22.0
7778,22.3
7779,19.3
7780,14.8
7781,13.8
7782,14.6
7783,17.0
7784,17.4
7785,21.1
7786,21.0
7787,23.8
7788,19.2
7789,16.8
7790,16.4
7791,19.8
7792,26.2
7793,31.2
7794,29.2
7795,23.8
7796,17.6
7797,12.1
7798,14.3
7799,18.4
7800,21.7
7801,26.4
7802,26.2
7803,22.6
7804,16.2
7805,12.8
7806,14.4
7807,18.0
7808,20.2
7809,23.1
7810,23.4
7811,21.1
7812,17.0
7813,14.0
7814,14.0
7815,15.2
7816,19.0
7817,22.7
7818,21.2
7819,18.3
7820,14.4
7821,12.8
7822,10.2
7823,12.8
7824,14.3
7825,15.2
7826,16.6
7827,15.6
7828,13.1
7829,10.2
7830,11.5
7831,12.8
7832,18.4
7833,21.6
7834,20.2
7835,17.0
7836,11.5
7837,9.8
7838,9.8
7839,11.0
7840,15.2
7841,18.8
7842,17.4
7843,13.8
7844,8.6
7845,4.4
7846,8.2
7847,9.2
7848,8.8
7849,10.4
7850,10.2
7851,11.2
7852,10.0
7853,7.8
7854,10.1
7855,10.0
7856,12.6
7857,15.1
7858,19.2
7859,16.0
7860,14.2
7861,12.6
7862,14.6
7863,16.0
7864,19.8
7865,23.7
7866,22.5
7867,19.1
7868,13.8
7869,9.4
7870,11.0
7871,15.2
7872,17.2
7873,21.4
7874,20.4
7875,17.0
7876,11.0
7877,5.6
7878,8.4
7879,10.4
7880,14.2
7881,18.6
7882,19.4
7883,15.8
7884,11.5
7885,10.2
7886,12.0
7887,12.0
7888,16.2
7889,19.8
7890,18.6
7891,15.0
7892,10.1
7893,3.8
7894,7.0
7895,9.1
7896,14.6
7897,18.0
7898,16.6
7899,11.4
7900,5.8
7901,2.2
7902,5.1
7903,7.6
7904,10.0
7905,12.6
7906,13.4
7907,10.5
7908,8.3
7909,7.0
7910,6.4
7911,10.2
7912,11.0
7913,12.5
7914,11.4
7915,10.2
7916,7.9
7917,5.8
7918,10.0
7919,10.2
7920,10.6
7921,13.0
7922,12.2
7923,8.6
7924,5.6
7925,3.6
7926,4.4
7927,6.6
7928,9.6
7929,12.4
7930,10.6
7931,6.6
7932,4.4
7933,4.8
7934,6.0
7935,8.0
7936,10.2
7937,13.8
7938,18.2
7939,18.2
7940,12.6
7941,14.4
7942,17.2
7943,17.2
7944,18.2
7945,23.8
7946,23.6
7947,20.2
7948,13.4
7949,10.0
7950,11.3
7951,15.1
7952,19.3
7953,23.2
7954,22.4
7955,16.0
7956,9.2
7957,7.2
7958,6.4
7959,13.4
7960,15.4
7961,18.3
7962,15.2
7963,11.8
7964,8.2
7965,4.6
7966,7.8
7967,9.6
7968,11.0
7969,14.0
7970,14.2
7971,11.0
7972,10.6
7973,6.6
7974,10.0
7975,15.0
7976,16.0
7977,18.8
7978,19.2
7979,16.6
7980,8.6
7981,6.4
7982,7.2
7983,10.6
7984,13.0
7985,19.0
7986,20.6
7987,16.8
7988,8.2
7989,4.3
7990,6.0
7991,8.6
7992,13.0
7993,19.5
7994,17.8
7995,11.6
7996,5.4
7997,2.5
7998,3.6
7999,7.4
8000,9.6
8001,13.9
8002,13.0
8003,10.2
8004,6.2
8005,1.2
8006,2.2
8007,7.2
8008,9.0
8009,9.8
8010,7.8
8011,7.4
8012,4.2
8013,3.0
8014,3.2
8015,3.1
8016,4.6
8017,6.4
8018,5.0
8019,3.4
8020,1.0
8021,1.8
8022,1.8
8023,2.5
8024,3.3
8025,4.4
8026,4.9
8027,4.4
8028,2.4
8029,1.8
8030,2.2
8031,2.6
8032,2.6
8033,3.4
8034,2.6
8035,2.3
8036,1.2
8037,0.8
8038,2.4
8039,3.2
8040,4.6
8041,6.2
8042,7.0
8043,7.8
8044,4.2
8045,3.5
8046,4.0
8047,6.1
8048,7.8
8049,10.7
8050,8.7
8051,6.3
8052,1.5
8053,1.9
8054,2.2
8055,2.1
8056,3.0
8057,6.1
8058,5.8
8059,4.6
8060,2.4
8061,6.4
8062,4.5
8063,3.0
8064,6.4
8065,10.6
8066,9.0
8067,5.6
8068,3.6
8069,2.8
8070,4.4
8071,4.0
8072,4.4
8073,5.6
8074,7.6
8075,6.8
8076,6.0
8077,8.8
8078,9.6
8079,8.0
8080,11.0
8081,14.8
8082,12.8
8083,8.6
8084,6.2
8085,6.8
8086,7.1
8087,7.6
8088,8.8
8089,12.2
8090,13.4
8091,7.8
8092,3.0
8093,0.6
8094,2.6
8095,5.3
8096,5.9
8097,7.4
8098,7.4
8099,6.4
8100,4.5
8101,4.4
8102,4.3
8103,4.4
8104,5.0
8105,6.0
8106,7.8
8107,7.6
8108,7.0
8109,8.4
8110,9.0
8111,9.4
8112,9.6
8113,10.0
8114,10.8
8115,10.6
8116,8.8
8117,9.2
8118,9.8
8119,11.8
8120,12.8
8121,16.4
8122,16.0
8123,11.8
8124,3.8
8125,2.4
8126,2.8
8127,4.9
8128,6.6
8129,7.6
8130,6.4
8131,7.8
8132,4.3
8133,3.1
8134,3.0
8135,2.8
8136,5.2
8137,11.8
8138,11.0
8139,8.8
8140,4.4
8141,3.8
8142,4.6
8143,6.2
8144,7.0
8145,9.6
8146,11.0
8147,9.4
8148,4.2
8149,5.7
8150,7.6
8151,9.4
8152,10.6
8153,12.6
8154,11.2
8155,8.0
8156,1.8
8157,-1.4
8158,1.2
8159,2.7
8160,8.0
8161,13.6
8162,10.7
8163,5.6
8164,-1.6
8165,-3.4
8166,-1.3
8167,-1.1
8168,2.6
8169,4.8
8170,3.0
8171,1.2
8172,-0.7
8173,-0.8
8174,-0.6
8175,0.3
8176,0.2
8177,1.4
8178,1.8
8179,1.5
8180,0.1
8181,0.2
8182,-0.6
8183,1.2
8184,2.4
8185,6.4
8186,6.8
8187,4.1
8188,0.0
8189,-0.6
8190,1.2
8191,3.6
8192,5.4
8193,9.0
8194,10.4
8195,8.4
8196,2.8
8197,3.4
8198,4.7
8199,4.8
8200,5.0
8201,9.6
8202,8.8
8203,7.2
8204,4.2
8205,4.1
8206,3.4
8207,4.2
8208,5.2
8209,8.2
8210,7.8
8211,6.6
8212,3.2
8213,2.6
8214,3.4
8215,2.6
8216,3.8
8217,5.0
8218,3.4
8219,1.0
8220,1.2
8221,1.0
8222,2.0
8223,2.2
8224,3.0
8225,4.2
8226,3.8
8227,2.6
8228,1.8
8229,1.6
8230,1.6
8231,1.8
8232,2.2
8233,3.2
8234,3.6
8235,3.2
8236,0.0
8237,0.4
8238,0.4
8239,1.7
8240,2.0
8241,3.0
8242,2.8
8243,2.2
8244,1.0
8245,0.8
8246,1.0
8247,1.5
8248,2.0
8249,3.8
8250,4.0
8251,0.8
8252,0.2
8253,0.0
8254,0.8
8255,0.2
8256,0.3
8257,1.8
8258,2.2
8259,0.8
8260,0.0
8261,-0.2
8262,0.0
8263,-0.4
8264,-0.6
8265,0.0
8266,1.2
8267,1.8
8268,-0.8
8269,-1.2
8270,-0.8
8271,-0.8
8272,-0.7
8273,-0.2
8274,0.4
8275,-0.2
8276,-0.8
8277,-1.0
8278,-1.0
8279,-1.0
8280,-0.6
8281,0.6
8282,2.0
8283,1.6
8284,0.2
8285,0.5
8286,1.7
8287,1.0
8288,0.8
8289,0.3
8290,0.4
8291,0.7
8292,1.5
8293,5.2
8294,5.4
8295,6.6
8296,7.8
8297,10.6
8298,8.6
8299,4.5
8300,-0.7
8301,-2.2
8302,2.6
8303,3.6
8304,5.4
8305,8.0
8306,9.0
8307,7.4
8308,7.0
8309,6.0
8310,7.1
8311,9.8
8312,12.2
8313,14.0
8314,14.4
8315,9.2
8316,3.4
8317,4.8
8318,5.3
8319,5.0
8320,6.6
8321,9.8
8322,10.0
8323,9.4
8324,4.8
8325,5.6
8326,5.4
8327,6.9
8328,8.1
8329,11.6
8330,12.4
8331,10.0
8332,2.4
8333,5.4
8334,5.4
8335,7.4
8336,8.6
8337,8.6
8338,8.8
8339,7.8
8340,4.5
8341,4.8
8342,4.4
8343,6.4
8344,8.4
8345,13.0
8346,12.4
8347,8.5
8348,3.1
8349,3.5
8350,4.9
8351,6.1
8352,7.7
8353,8.8
8354,8.4
8355,7.2
8356,6.0
8357,6.2
8358,6.2
8359,7.4
8360,9.2
8361,10.2
8362,8.4
8363,5.6
8364,3.4
8365,3.2
8366,3.3
8367,4.7
8368,6.4
8369,8.4
8370,9.2
8371,6.6
8372,3.6
8373,3.6
8374,3.0
8375,3.2
8376,3.8
8377,5.0
8378,4.6
8379,4.4
8380,1.4
8381,2.0
8382,1.0
8383,2.0
8384,4.2
8385,10.0
8386,9.1
8387,4.2
8388,-1.3
8389,-1.7
8390,0.4
8391,2.8
8392,5.0
8393,10.4
8394,8.4
8395,4.8
8396,-0.8
8397,-1.4
8398,1.8
8399,1.4
8400,2.0
8401,3.8
8402,1.2
8403,-1.7
8404,-4.9
8405,-10.0
8406,-8.4
8407,-4.9
8408,-3.8
8409,0.0
8410,0.2
8411,-3.6
8412,-9.6
8413,-9.9
8414,-9.5
8415,-8.8
8416,-7.4
8417,-4.6
8418,-3.6
8419,-2.8
8420,-3.6
8421,-2.2
8422,-1.2
8423,0.2
8424,0.8
8425,3.6
8426,5.9
8427,2.9
8428,-4.2
8429,-2.8
8430,-2.2
8431,-0.6
8432,3.6
8433,6.8
8434,6.6
8435,1.8
8436,-4.6
8437,-2.4
8438,-0.8
8439,1.6
8440,4.0
8441,7.1
8442,5.2
8443,0.4
8444,-5.0
8445,-5.4
8446,-3.0
8447,-2.0
8448,-0.5
8449,4.0
8450,4.0
8451,-1.8
8452,-7.6
8453,-7.6
8454,-6.4
8455,-2.5
8456,-1.4
8457,1.2
8458,0.8
8459,-2.7
8460,-5.6
8461,-9.6
8462,-7.2
8463,-7.2
8464,-5.8
8465,-2.7
8466,-1.2
8467,-2.8
8468,-5.0
8469,-4.2
8470,-3.9
8471,-3.6
8472,-3.4
8473,-2.4
8474,-2.2
8475,-5.2
8476,-7.4
8477,-7.4
8478,-6.2
8479,-4.2
8480,-3.0
8481,-2.2
8482,-2.6
8483,-2.9
8484,-3.4
8485,-3.6
8486,-2.5
8487,-1.7
8488,-1.7
8489,-0.9
8490,0.0
8491,-1.2
8492,-2.0
8493,-1.9
8494,-1.7
8495,-1.0
8496,-0.5
8497,1.0
8498,1.0
8499,-0.4
8500,-1.1
8501,-0.6
8502,0.0
8503,0.4
8504,0.4
8505,2.2
8506,6.4
8507,6.2
8508,6.8
8509,6.2
8510,6.2
8511,5.5
8512,7.2
8513,10.0
8514,10.6
8515,6.6
8516,1.6
8517,3.2
8518,3.4
8519,3.4
8520,4.0
8521,3.9
8522,3.4
8523,2.2
8524,-0.7
8525,-1.8
8526,-1.7
8527,-0.4
8528,1.3
8529,5.0
8530,4.8
8531,1.4
8532,-0.6
8533,-0.4
8534,0.4
8535,3.0
8536,4.8
8537,7.6
8538,9.4
8539,5.9
8540,2.9
8541,4.2
8542,5.4
8543,6.0
8544,6.4
8545,9.0
8546,3.9
8547,1.4
8548,0.8
8549,0.4
8550,1.3
8551,1.8
8552,4.2
8553,8.2
8554,8.2
8555,7.8
8556,6.0
8557,9.3
8558,10.0
8559,8.5
8560,6.8
8561,7.2
8562,9.8
8563,4.6
8564,2.3
8565,1.7
8566,0.8
8567,1.8
8568,1.6
8569,4.3
8570,4.3
8571,2.4
8572,-0.8
8573,-0.6
8574,0.2
8575,1.1
8576,1.8
8577,2.3
8578,2.8
8579,2.2
8580,1.2
8581,1.6
8582,1.6
8583,1.4
8584,2.0
8585,3.4
8586,3.6
8587,0.8
8588,1.5
8589,0.7
8590,0.4
8591,1.1
8592,1.5
8593,2.4
8594,2.6
8595,1.2
8596,-0.2
8597,0.0
8598,0.2
8599,0.4
8600,1.2
8601,1.7
8602,3.0
8603,1.0
8604,3.7
8605,3.8
8606,4.1
8607,4.4
8608,4.5
8609,6.2
8610,5.8
8611,4.6
8612,4.2
8613,4.4
8614,4.2
8615,4.6
8616,4.8
8617,10.4
8618,11.0
8619,8.1
8620,7.7
8621,7.2
8622,6.2
8623,5.8
8624,4.8
8625,8.4
8626,9.5
8627,6.4
8628,3.6
8629,5.6
8630,5.8
8631,7.2
8632,6.0
8633,9.2
8634,10.4
8635,6.2
8636,4.4
8637,4.2
8638,5.4
8639,6.3
8640,7.4
8641,8.4
8642,9.2
8643,6.0
8644,3.4
8645,4.6
8646,5.4
8647,5.8
8648,6.8
8649,7.2
8650,6.0
8651,5.4
8652,0.8
8653,3.0
8654,3.6
8655,2.6
8656,4.2
8657,4.1
8658,2.0
8659,0.5
8660,-3.4
8661,-2.0
8662,-1.6
8663,0.2
8664,0.6
8665,7.4
8666,5.2
8667,1.6
8668,-4.8
8669,-3.5
8670,-0.1
8671,-1.3
8672,0.4
8673,5.2
8674,5.0
8675,2.6
8676,-5.0
8677,-3.8
8678,-2.1
8679,0.7
8680,4.6
8681,6.4
8682,7.4
8683,6.1
8684,-4.7
8685,-4.2
8686,-4.5
8687,-2.8
8688,-1.0
8689,2.6
8690,3.4
8691,-0.1
8692,-5.8
8693,-6.0
8694,-4.2
8695,-2.0
8696,-1.8
8697,2.6
8698,5.2
8699,0.8
8700,-6.3
8701,-5.4
8702,-3.4
8703,0.0
8704,1.2
8705,2.1
8706,3.0
8707,0.4
8708,-0.6
8709,-0.8
8710,1.0
8711,7.4
8712,5.4
8713,9.8
8714,9.4
8715,7.0
8716,2.0
8717,2.4
8718,2.6
8719,3.0
8720,8.2
8721,8.5
8722,6.3
8723,2.4
8724,0.5
8725,-0.8
8726,-0.9
8727,-0.8
8728,0.1
8729,-0.5
8730,-2.6
8731,-5.6
8732,-10.2
8733,-10.4
8734,-10.0
8735,-8.2
8736,-6.9
8737,-5.8
8738,-7.0
8739,-8.5
8740,-13.2
8741,-13.0
8742,-11.4
8743,-7.2
8744,-6.7
8745,-5.4
8746,-4.6
8747,-7.5
8748,-8.0
8749,-7.2
8750,-6.0
8751,-4.4
8752,-3.0
8753,-2.3
8754,-2.3
8755,-3.4
8756,-4.6
8757,-4.6
8758,-4.6
